"","season","match_date","match_round","player_team","bookmaker_prob_win"
"1",2017,"2017-03-23",1,"Richmond",0.68
"2",2017,"2017-03-23",1,"Carlton",0.32
"3",2017,"2017-03-24",1,"Western Bulldogs",0.69
"4",2017,"2017-03-24",1,"Collingwood",0.31
"5",2017,"2017-03-25",1,"Port Adelaide",0.26
"6",2017,"2017-03-25",1,"Sydney",0.74
"7",2017,"2017-03-25",1,"Melbourne",0.43
"8",2017,"2017-03-25",1,"St Kilda",0.57
"9",2017,"2017-03-25",1,"Brisbane Lions",0.26
"10",2017,"2017-03-25",1,"Gold Coast",0.74
"11",2017,"2017-03-25",1,"Essendon",0.31
"12",2017,"2017-03-25",1,"Hawthorn",0.69
"13",2017,"2017-03-26",1,"West Coast",0.72
"14",2017,"2017-03-26",1,"North Melbourne",0.28
"15",2017,"2017-03-26",1,"Adelaide",0.48
"16",2017,"2017-03-26",1,"Greater Western Sydney",0.52
"17",2017,"2017-03-26",1,"Geelong",0.57
"18",2017,"2017-03-26",1,"Fremantle",0.43
"19",2017,"2017-03-30",2,"Richmond",0.45
"20",2017,"2017-03-30",2,"Collingwood",0.55
"21",2017,"2017-03-31",2,"Western Bulldogs",0.68
"22",2017,"2017-03-31",2,"Sydney",0.32
"23",2017,"2017-04-01",2,"Adelaide",0.52
"24",2017,"2017-04-01",2,"Hawthorn",0.48
"25",2017,"2017-04-01",2,"Greater Western Sydney",0.85
"26",2017,"2017-04-01",2,"Gold Coast",0.15
"27",2017,"2017-04-01",2,"Essendon",0.67
"28",2017,"2017-04-01",2,"Brisbane Lions",0.33
"29",2017,"2017-04-01",2,"West Coast",0.82
"30",2017,"2017-04-01",2,"St Kilda",0.18
"31",2017,"2017-04-02",2,"Geelong",0.81
"32",2017,"2017-04-02",2,"North Melbourne",0.19
"33",2017,"2017-04-02",2,"Melbourne",0.79
"34",2017,"2017-04-02",2,"Carlton",0.21
"35",2017,"2017-04-02",2,"Port Adelaide",0.79
"36",2017,"2017-04-02",2,"Fremantle",0.21
"37",2017,"2017-04-07",3,"Collingwood",0.25
"38",2017,"2017-04-07",3,"Sydney",0.75
"39",2017,"2017-04-08",3,"Greater Western Sydney",0.83
"40",2017,"2017-04-08",3,"North Melbourne",0.17
"41",2017,"2017-04-08",3,"Richmond",0.4
"42",2017,"2017-04-08",3,"West Coast",0.6
"43",2017,"2017-04-08",3,"Geelong",0.63
"44",2017,"2017-04-08",3,"Melbourne",0.37
"45",2017,"2017-04-08",3,"Adelaide",0.65
"46",2017,"2017-04-08",3,"Port Adelaide",0.35
"47",2017,"2017-04-08",3,"Fremantle",0.21
"48",2017,"2017-04-08",3,"Western Bulldogs",0.79
"49",2017,"2017-04-09",3,"St Kilda",0.8
"50",2017,"2017-04-09",3,"Brisbane Lions",0.2
"51",2017,"2017-04-09",3,"Carlton",0.21
"52",2017,"2017-04-09",3,"Essendon",0.79
"53",2017,"2017-04-09",3,"Gold Coast",0.33
"54",2017,"2017-04-09",3,"Hawthorn",0.67
"55",2017,"2017-04-13",4,"West Coast",0.73
"56",2017,"2017-04-13",4,"Sydney",0.27
"57",2017,"2017-04-14",4,"Western Bulldogs",0.74
"58",2017,"2017-04-14",4,"North Melbourne",0.26
"59",2017,"2017-04-15",4,"Fremantle",0.31
"60",2017,"2017-04-15",4,"Melbourne",0.69
"61",2017,"2017-04-15",4,"Greater Western Sydney",0.69
"62",2017,"2017-04-15",4,"Port Adelaide",0.31
"63",2017,"2017-04-15",4,"Gold Coast",0.55
"64",2017,"2017-04-15",4,"Carlton",0.45
"65",2017,"2017-04-15",4,"Adelaide",0.83
"66",2017,"2017-04-15",4,"Essendon",0.17
"67",2017,"2017-04-16",4,"St Kilda",0.4
"68",2017,"2017-04-16",4,"Collingwood",0.6
"69",2017,"2017-04-16",4,"Richmond",0.71
"70",2017,"2017-04-16",4,"Brisbane Lions",0.29
"71",2017,"2017-04-17",4,"Geelong",0.68
"72",2017,"2017-04-17",4,"Hawthorn",0.32
"73",2017,"2017-04-21",5,"Port Adelaide",0.89
"74",2017,"2017-04-21",5,"Carlton",0.11
"75",2017,"2017-04-22",5,"Western Bulldogs",0.91
"76",2017,"2017-04-22",5,"Brisbane Lions",0.09
"77",2017,"2017-04-22",5,"Adelaide",0.78
"78",2017,"2017-04-22",5,"Gold Coast",0.22
"79",2017,"2017-04-22",5,"Greater Western Sydney",0.64
"80",2017,"2017-04-22",5,"Sydney",0.36
"81",2017,"2017-04-22",5,"Fremantle",0.59
"82",2017,"2017-04-22",5,"North Melbourne",0.41
"83",2017,"2017-04-23",5,"Geelong",0.63
"84",2017,"2017-04-23",5,"St Kilda",0.37
"85",2017,"2017-04-23",5,"Hawthorn",0.34
"86",2017,"2017-04-23",5,"West Coast",0.66
"87",2017,"2017-04-24",5,"Richmond",0.57
"88",2017,"2017-04-24",5,"Melbourne",0.43
"89",2017,"2017-04-25",5,"Essendon",0.39
"90",2017,"2017-04-25",5,"Collingwood",0.61
"91",2017,"2017-04-28",6,"Greater Western Sydney",0.71
"92",2017,"2017-04-28",6,"Western Bulldogs",0.29
"93",2017,"2017-04-29",6,"St Kilda",0.48
"94",2017,"2017-04-29",6,"Hawthorn",0.52
"95",2017,"2017-04-29",6,"Carlton",0.23
"96",2017,"2017-04-29",6,"Sydney",0.77
"97",2017,"2017-04-29",6,"Port Adelaide",0.83
"98",2017,"2017-04-29",6,"Brisbane Lions",0.17
"99",2017,"2017-04-29",6,"North Melbourne",0.65
"100",2017,"2017-04-29",6,"Gold Coast",0.35
"101",2017,"2017-04-29",6,"West Coast",0.71
"102",2017,"2017-04-29",6,"Fremantle",0.29
"103",2017,"2017-04-30",6,"Melbourne",0.51
"104",2017,"2017-04-30",6,"Essendon",0.49
"105",2017,"2017-04-30",6,"Collingwood",0.25
"106",2017,"2017-04-30",6,"Geelong",0.75
"107",2017,"2017-04-30",6,"Adelaide",0.82
"108",2017,"2017-04-30",6,"Richmond",0.18
"109",2017,"2017-05-05",7,"St Kilda",0.36
"110",2017,"2017-05-05",7,"Greater Western Sydney",0.64
"111",2017,"2017-05-06",7,"North Melbourne",0.17
"112",2017,"2017-05-06",7,"Adelaide",0.83
"113",2017,"2017-05-06",7,"Carlton",0.28
"114",2017,"2017-05-06",7,"Collingwood",0.72
"115",2017,"2017-05-06",7,"West Coast",0.29
"116",2017,"2017-05-06",7,"Port Adelaide",0.71
"117",2017,"2017-05-06",7,"Gold Coast",0.36
"118",2017,"2017-05-06",7,"Geelong",0.64
"119",2017,"2017-05-06",7,"Western Bulldogs",0.74
"120",2017,"2017-05-06",7,"Richmond",0.26
"121",2017,"2017-05-07",7,"Sydney",0.87
"122",2017,"2017-05-07",7,"Brisbane Lions",0.13
"123",2017,"2017-05-07",7,"Hawthorn",0.36
"124",2017,"2017-05-07",7,"Melbourne",0.64
"125",2017,"2017-05-07",7,"Fremantle",0.62
"126",2017,"2017-05-07",7,"Essendon",0.38
"127",2017,"2017-05-12",8,"West Coast",0.65
"128",2017,"2017-05-12",8,"Western Bulldogs",0.35
"129",2017,"2017-05-13",8,"Hawthorn",0.85
"130",2017,"2017-05-13",8,"Brisbane Lions",0.15
"131",2017,"2017-05-13",8,"St Kilda",0.73
"132",2017,"2017-05-13",8,"Carlton",0.27
"133",2017,"2017-05-13",8,"Greater Western Sydney",0.78
"134",2017,"2017-05-13",8,"Collingwood",0.22
"135",2017,"2017-05-13",8,"Essendon",0.28
"136",2017,"2017-05-13",8,"Geelong",0.72
"137",2017,"2017-05-13",8,"Melbourne",0.16
"138",2017,"2017-05-13",8,"Adelaide",0.84
"139",2017,"2017-05-14",8,"Fremantle",0.31
"140",2017,"2017-05-14",8,"Richmond",0.69
"141",2017,"2017-05-14",8,"Port Adelaide",0.73
"142",2017,"2017-05-14",8,"Gold Coast",0.27
"143",2017,"2017-05-14",8,"Sydney",0.45
"144",2017,"2017-05-14",8,"North Melbourne",0.55
"145",2017,"2017-05-19",9,"Geelong",0.48
"146",2017,"2017-05-19",9,"Western Bulldogs",0.52
"147",2017,"2017-05-20",9,"Sydney",0.51
"148",2017,"2017-05-20",9,"St Kilda",0.49
"149",2017,"2017-05-20",9,"Greater Western Sydney",0.74
"150",2017,"2017-05-20",9,"Richmond",0.26
"151",2017,"2017-05-20",9,"Adelaide",0.89
"152",2017,"2017-05-20",9,"Brisbane Lions",0.11
"153",2017,"2017-05-20",9,"Collingwood",0.64
"154",2017,"2017-05-20",9,"Hawthorn",0.36
"155",2017,"2017-05-21",9,"Essendon",0.39
"156",2017,"2017-05-21",9,"West Coast",0.61
"157",2017,"2017-05-21",9,"North Melbourne",0.4
"158",2017,"2017-05-21",9,"Melbourne",0.6
"159",2017,"2017-05-21",9,"Fremantle",0.71
"160",2017,"2017-05-21",9,"Carlton",0.29
"161",2017,"2017-05-25",10,"Geelong",0.55
"162",2017,"2017-05-25",10,"Port Adelaide",0.45
"163",2017,"2017-05-26",10,"Hawthorn",0.18
"164",2017,"2017-05-26",10,"Sydney",0.82
"165",2017,"2017-05-27",10,"Western Bulldogs",0.65
"166",2017,"2017-05-27",10,"St Kilda",0.35
"167",2017,"2017-05-27",10,"Melbourne",0.7
"168",2017,"2017-05-27",10,"Gold Coast",0.3
"169",2017,"2017-05-27",10,"Richmond",0.54
"170",2017,"2017-05-27",10,"Essendon",0.46
"171",2017,"2017-05-27",10,"Adelaide",0.82
"172",2017,"2017-05-27",10,"Fremantle",0.18
"173",2017,"2017-05-28",10,"Collingwood",0.89
"174",2017,"2017-05-28",10,"Brisbane Lions",0.11
"175",2017,"2017-05-28",10,"North Melbourne",0.72
"176",2017,"2017-05-28",10,"Carlton",0.28
"177",2017,"2017-05-28",10,"Greater Western Sydney",0.37
"178",2017,"2017-05-28",10,"West Coast",0.63
"179",2017,"2017-06-01",11,"Port Adelaide",0.81
"180",2017,"2017-06-01",11,"Hawthorn",0.19
"181",2017,"2017-06-02",11,"Geelong",0.45
"182",2017,"2017-06-02",11,"Adelaide",0.55
"183",2017,"2017-06-03",11,"Gold Coast",0.48
"184",2017,"2017-06-03",11,"West Coast",0.52
"185",2017,"2017-06-03",11,"Greater Western Sydney",0.76
"186",2017,"2017-06-03",11,"Essendon",0.24
"187",2017,"2017-06-03",11,"Richmond",0.51
"188",2017,"2017-06-03",11,"North Melbourne",0.49
"189",2017,"2017-06-04",11,"Collingwood",0.55
"190",2017,"2017-06-04",11,"Fremantle",0.45
"191",2017,"2017-06-08",12,"Sydney",0.54
"192",2017,"2017-06-08",12,"Western Bulldogs",0.46
"193",2017,"2017-06-09",12,"Adelaide",0.81
"194",2017,"2017-06-09",12,"St Kilda",0.19
"195",2017,"2017-06-10",12,"Gold Coast",0.52
"196",2017,"2017-06-10",12,"Hawthorn",0.48
"197",2017,"2017-06-10",12,"Brisbane Lions",0.43
"198",2017,"2017-06-10",12,"Fremantle",0.57
"199",2017,"2017-06-10",12,"Essendon",0.27
"200",2017,"2017-06-10",12,"Port Adelaide",0.73
"201",2017,"2017-06-11",12,"Carlton",0.24
"202",2017,"2017-06-11",12,"Greater Western Sydney",0.76
"203",2017,"2017-06-12",12,"Melbourne",0.6
"204",2017,"2017-06-12",12,"Collingwood",0.4
"205",2017,"2017-06-15",13,"West Coast",0.43
"206",2017,"2017-06-15",13,"Geelong",0.57
"207",2017,"2017-06-16",13,"St Kilda",0.51
"208",2017,"2017-06-16",13,"North Melbourne",0.49
"209",2017,"2017-06-17",13,"Sydney",0.5
"210",2017,"2017-06-17",13,"Richmond",0.5
"211",2017,"2017-06-17",13,"Port Adelaide",0.9
"212",2017,"2017-06-17",13,"Brisbane Lions",0.1
"213",2017,"2017-06-17",13,"Carlton",0.29
"214",2017,"2017-06-17",13,"Gold Coast",0.71
"215",2017,"2017-06-18",13,"Melbourne",0.43
"216",2017,"2017-06-18",13,"Western Bulldogs",0.57
"217",2017,"2017-06-22",14,"Hawthorn",0.13
"218",2017,"2017-06-22",14,"Adelaide",0.87
"219",2017,"2017-06-23",14,"Sydney",0.69
"220",2017,"2017-06-23",14,"Essendon",0.31
"221",2017,"2017-06-24",14,"Port Adelaide",0.51
"222",2017,"2017-06-24",14,"Collingwood",0.49
"223",2017,"2017-06-24",14,"Greater Western Sydney",0.77
"224",2017,"2017-06-24",14,"Brisbane Lions",0.23
"225",2017,"2017-06-24",14,"Western Bulldogs",0.58
"226",2017,"2017-06-24",14,"North Melbourne",0.42
"227",2017,"2017-06-24",14,"Melbourne",0.47
"228",2017,"2017-06-24",14,"West Coast",0.53
"229",2017,"2017-06-25",14,"Geelong",0.91
"230",2017,"2017-06-25",14,"Fremantle",0.09
"231",2017,"2017-06-25",14,"Richmond",0.67
"232",2017,"2017-06-25",14,"Carlton",0.33
"233",2017,"2017-06-25",14,"St Kilda",0.83
"234",2017,"2017-06-25",14,"Gold Coast",0.17
"235",2017,"2017-06-30",15,"Sydney",0.52
"236",2017,"2017-06-30",15,"Melbourne",0.48
"237",2017,"2017-07-01",15,"West Coast",0.27
"238",2017,"2017-07-01",15,"Western Bulldogs",0.73
"239",2017,"2017-07-01",15,"Adelaide",0.75
"240",2017,"2017-07-01",15,"Carlton",0.25
"241",2017,"2017-07-01",15,"Gold Coast",0.62
"242",2017,"2017-07-01",15,"North Melbourne",0.38
"243",2017,"2017-07-01",15,"Greater Western Sydney",0.28
"244",2017,"2017-07-01",15,"Richmond",0.27
"245",2017,"2017-07-01",15,"Port Adelaide",0.73
"246",2017,"2017-07-02",15,"Brisbane Lions",0.12
"247",2017,"2017-07-02",15,"Essendon",0.88
"248",2017,"2017-07-02",15,"Hawthorn",0.42
"249",2017,"2017-07-02",15,"Collingwood",0.58
"250",2017,"2017-07-02",15,"St Kilda",0.62
"251",2017,"2017-07-02",15,"Fremantle",0.38
"252",2017,"2017-07-07",16,"Adelaide",0.72
"253",2017,"2017-07-07",16,"Western Bulldogs",0.28
"254",2017,"2017-07-08",16,"Hawthorn",0.38
"255",2017,"2017-07-08",16,"Essendon",0.49
"256",2017,"2017-07-08",16,"Collingwood",0.51
"257",2017,"2017-07-08",16,"Sydney",0.84
"258",2017,"2017-07-08",16,"Gold Coast",0.16
"259",2017,"2017-07-08",16,"Geelong",0.76
"260",2017,"2017-07-08",16,"Brisbane Lions",0.24
"261",2017,"2017-07-08",16,"St Kilda",0.41
"262",2017,"2017-07-08",16,"Richmond",0.59
"263",2017,"2017-07-09",16,"Fremantle",0.3
"264",2017,"2017-07-09",16,"North Melbourne",0.7
"265",2017,"2017-07-09",16,"Melbourne",0.63
"266",2017,"2017-07-09",16,"Carlton",0.37
"267",2017,"2017-07-09",16,"Port Adelaide",0.46
"268",2017,"2017-07-09",16,"West Coast",0.54
"269",2017,"2017-07-14",17,"Essendon",0.47
"270",2017,"2017-07-14",17,"St Kilda",0.53
"271",2017,"2017-07-15",17,"Geelong",0.69
"272",2017,"2017-07-15",17,"Hawthorn",0.31
"273",2017,"2017-07-15",17,"Port Adelaide",0.84
"274",2017,"2017-07-15",17,"North Melbourne",0.16
"275",2017,"2017-07-15",17,"Collingwood",0.47
"276",2017,"2017-07-15",17,"Gold Coast",0.53
"277",2017,"2017-07-15",17,"Sydney",0.54
"278",2017,"2017-07-15",17,"Greater Western Sydney",0.46
"279",2017,"2017-07-15",17,"Adelaide",0.71
"280",2017,"2017-07-15",17,"Melbourne",0.29
"281",2017,"2017-07-16",17,"Richmond",0.83
"282",2017,"2017-07-16",17,"Brisbane Lions",0.17
"283",2017,"2017-07-16",17,"Western Bulldogs",0.6
"284",2017,"2017-07-16",17,"Carlton",0.4
"285",2017,"2017-07-16",17,"West Coast",0.7
"286",2017,"2017-07-16",17,"Fremantle",0.3
"287",2017,"2017-07-21",18,"Adelaide",0.63
"288",2017,"2017-07-21",18,"Geelong",0.37
"289",2017,"2017-07-22",18,"Essendon",0.8
"290",2017,"2017-07-22",18,"North Melbourne",0.2
"291",2017,"2017-07-22",18,"Melbourne",0.43
"292",2017,"2017-07-22",18,"Port Adelaide",0.57
"293",2017,"2017-07-22",18,"Western Bulldogs",0.75
"294",2017,"2017-07-22",18,"Gold Coast",0.25
"295",2017,"2017-07-22",18,"Sydney",0.79
"296",2017,"2017-07-22",18,"St Kilda",0.21
"297",2017,"2017-07-22",18,"Hawthorn",0.54
"298",2017,"2017-07-22",18,"Fremantle",0.46
"299",2017,"2017-07-23",18,"Richmond",0.43
"300",2017,"2017-07-23",18,"Greater Western Sydney",0.57
"301",2017,"2017-07-23",18,"Collingwood",0.51
"302",2017,"2017-07-23",18,"West Coast",0.49
"303",2017,"2017-07-23",18,"Brisbane Lions",0.48
"304",2017,"2017-07-23",18,"Carlton",0.52
"305",2017,"2017-07-28",19,"Hawthorn",0.34
"306",2017,"2017-07-28",19,"Sydney",0.66
"307",2017,"2017-07-29",19,"North Melbourne",0.31
"308",2017,"2017-07-29",19,"Melbourne",0.69
"309",2017,"2017-07-29",19,"Greater Western Sydney",0.87
"310",2017,"2017-07-29",19,"Fremantle",0.13
"311",2017,"2017-07-29",19,"Port Adelaide",0.83
"312",2017,"2017-07-29",19,"St Kilda",0.17
"313",2017,"2017-07-29",19,"Richmond",0.7
"314",2017,"2017-07-29",19,"Gold Coast",0.3
"315",2017,"2017-07-29",19,"Geelong",0.74
"316",2017,"2017-07-29",19,"Carlton",0.26
"317",2017,"2017-07-30",19,"Western Bulldogs",0.44
"318",2017,"2017-07-30",19,"Essendon",0.56
"319",2017,"2017-07-30",19,"Collingwood",0.37
"320",2017,"2017-07-30",19,"West Coast",0.89
"321",2017,"2017-07-30",19,"Brisbane Lions",0.11
"322",2017,"2017-08-04",20,"Sydney",0.58
"323",2017,"2017-08-04",20,"Geelong",0.42
"324",2017,"2017-08-05",20,"Greater Western Sydney",0.57
"325",2017,"2017-08-05",20,"Melbourne",0.43
"326",2017,"2017-08-05",20,"Essendon",0.78
"327",2017,"2017-08-05",20,"Carlton",0.22
"328",2017,"2017-08-05",20,"Western Bulldogs",0.76
"329",2017,"2017-08-05",20,"Brisbane Lions",0.24
"330",2017,"2017-08-05",20,"Collingwood",0.68
"331",2017,"2017-08-05",20,"North Melbourne",0.32
"332",2017,"2017-08-05",20,"Fremantle",0.62
"333",2017,"2017-08-05",20,"Gold Coast",0.38
"334",2017,"2017-08-06",20,"St Kilda",0.56
"335",2017,"2017-08-06",20,"West Coast",0.44
"336",2017,"2017-08-06",20,"Richmond",0.56
"337",2017,"2017-08-06",20,"Hawthorn",0.44
"338",2017,"2017-08-06",20,"Adelaide",0.62
"339",2017,"2017-08-06",20,"Port Adelaide",0.38
"340",2017,"2017-08-11",21,"Greater Western Sydney",0.58
"341",2017,"2017-08-11",21,"Western Bulldogs",0.42
"342",2017,"2017-08-12",21,"Sydney",0.91
"343",2017,"2017-08-12",21,"Fremantle",0.09
"344",2017,"2017-08-12",21,"Geelong",0.42
"345",2017,"2017-08-12",21,"Richmond",0.58
"346",2017,"2017-08-12",21,"Brisbane Lions",0.64
"347",2017,"2017-08-12",21,"Gold Coast",0.36
"348",2017,"2017-08-12",21,"Adelaide",0.76
"349",2017,"2017-08-12",21,"Essendon",0.24
"350",2017,"2017-08-12",21,"West Coast",0.86
"351",2017,"2017-08-12",21,"Carlton",0.14
"352",2017,"2017-08-13",21,"Melbourne",0.62
"353",2017,"2017-08-13",21,"St Kilda",0.38
"354",2017,"2017-08-13",21,"Hawthorn",0.71
"355",2017,"2017-08-13",21,"North Melbourne",0.29
"356",2017,"2017-08-13",21,"Port Adelaide",0.71
"357",2017,"2017-08-13",21,"Collingwood",0.29
"358",2017,"2017-08-18",22,"Sydney",0.42
"359",2017,"2017-08-18",22,"Adelaide",0.58
"360",2017,"2017-08-19",22,"Port Adelaide",0.51
"361",2017,"2017-08-19",22,"Western Bulldogs",0.49
"362",2017,"2017-08-19",22,"Geelong",0.64
"363",2017,"2017-08-19",22,"Collingwood",0.36
"364",2017,"2017-08-19",22,"Greater Western Sydney",0.8
"365",2017,"2017-08-19",22,"West Coast",0.2
"366",2017,"2017-08-19",22,"Essendon",0.7
"367",2017,"2017-08-19",22,"Gold Coast",0.3
"368",2017,"2017-08-19",22,"Carlton",0.25
"369",2017,"2017-08-19",22,"Hawthorn",0.75
"370",2017,"2017-08-20",22,"Melbourne",0.86
"371",2017,"2017-08-20",22,"Brisbane Lions",0.14
"372",2017,"2017-08-20",22,"St Kilda",0.73
"373",2017,"2017-08-20",22,"North Melbourne",0.27
"374",2017,"2017-08-20",22,"Richmond",0.76
"375",2017,"2017-08-20",22,"Fremantle",0.24
"376",2017,"2017-08-27",23,"West Coast",0.51
"377",2017,"2017-08-27",23,"Adelaide",0.49
"378",2017,"2017-08-26",23,"Sydney",0.9
"379",2017,"2017-08-26",23,"Carlton",0.1
"380",2017,"2017-08-26",23,"North Melbourne",0.33
"381",2017,"2017-08-26",23,"Brisbane Lions",0.67
"382",2017,"2017-08-26",23,"Port Adelaide",0.9
"383",2017,"2017-08-26",23,"Gold Coast",0.1
"384",2017,"2017-08-26",23,"Collingwood",0.29
"385",2017,"2017-08-26",23,"Melbourne",0.71
"386",2017,"2017-08-25",23,"Hawthorn",0.5
"387",2017,"2017-08-25",23,"Western Bulldogs",0.5
"388",2017,"2017-08-26",23,"Geelong",0.42
"389",2017,"2017-08-26",23,"Greater Western Sydney",0.58
"390",2017,"2017-08-27",23,"Richmond",0.62
"391",2017,"2017-08-27",23,"St Kilda",0.38
"392",2017,"2017-08-27",23,"Essendon",0.86
"393",2017,"2017-08-27",23,"Fremantle",0.14
"394",2017,"2017-07-01",15,"Geelong",0.33
"395",2017,"2017-07-01",15,"Greater Western Sydney",0.67
"396",2017,"2017-07-08",16,"Greater Western Sydney",0.61
"397",2017,"2017-07-08",16,"Hawthorn",0.39
"398",2017,"2017-07-30",19,"Collingwood",0.34
"399",2017,"2017-07-30",19,"Adelaide",0.66
"400",2018,"2018-03-22",1,"Richmond",0.8
"401",2018,"2018-03-22",1,"Carlton",0.2
"402",2018,"2018-03-23",1,"Essendon",0.52
"403",2018,"2018-03-23",1,"Adelaide",0.48
"404",2018,"2018-03-24",1,"St Kilda",0.72
"405",2018,"2018-03-24",1,"Brisbane Lions",0.28
"406",2018,"2018-03-24",1,"Port Adelaide",0.79
"407",2018,"2018-03-24",1,"Fremantle",0.21
"408",2018,"2018-03-24",1,"Gold Coast",0.49
"409",2018,"2018-03-24",1,"North Melbourne",0.51
"410",2018,"2018-03-24",1,"Hawthorn",0.54
"411",2018,"2018-03-24",1,"Collingwood",0.46
"412",2018,"2018-03-25",1,"Greater Western Sydney",0.72
"413",2018,"2018-03-25",1,"Western Bulldogs",0.28
"414",2018,"2018-03-25",1,"Geelong",0.44
"415",2018,"2018-03-25",1,"Melbourne",0.56
"416",2018,"2018-03-25",1,"Sydney",0.7
"417",2018,"2018-03-25",1,"West Coast",0.3
"418",2018,"2018-03-29",2,"Adelaide",0.55
"419",2018,"2018-03-29",2,"Richmond",0.45
"420",2018,"2018-03-30",2,"North Melbourne",0.29
"421",2018,"2018-03-30",2,"St Kilda",0.71
"422",2018,"2018-03-31",2,"Gold Coast",0.38
"423",2018,"2018-03-31",2,"Carlton",0.62
"424",2018,"2018-03-31",2,"Greater Western Sydney",0.68
"425",2018,"2018-03-31",2,"Collingwood",0.32
"426",2018,"2018-03-31",2,"Melbourne",0.72
"427",2018,"2018-03-31",2,"Brisbane Lions",0.28
"428",2018,"2018-03-31",2,"Fremantle",0.4
"429",2018,"2018-03-31",2,"Essendon",0.6
"430",2018,"2018-04-01",2,"West Coast",0.45
"431",2018,"2018-04-01",2,"Western Bulldogs",0.55
"432",2018,"2018-04-01",2,"Port Adelaide",0.34
"433",2018,"2018-04-01",2,"Sydney",0.66
"434",2018,"2018-04-02",2,"Hawthorn",0.43
"435",2018,"2018-04-02",2,"Geelong",0.57
"436",2018,"2018-04-06",3,"Collingwood",0.63
"437",2018,"2018-04-06",3,"Carlton",0.37
"438",2018,"2018-04-07",3,"Port Adelaide",0.89
"439",2018,"2018-04-07",3,"Brisbane Lions",0.11
"440",2018,"2018-04-07",3,"Melbourne",0.73
"441",2018,"2018-04-07",3,"North Melbourne",0.27
"442",2018,"2018-04-07",3,"Fremantle",0.66
"443",2018,"2018-04-07",3,"Gold Coast",0.34
"444",2018,"2018-04-07",3,"Sydney",0.56
"445",2018,"2018-04-07",3,"Greater Western Sydney",0.44
"446",2018,"2018-04-07",3,"Adelaide",0.73
"447",2018,"2018-04-07",3,"St Kilda",0.27
"448",2018,"2018-04-08",3,"Richmond",0.57
"449",2018,"2018-04-08",3,"Hawthorn",0.43
"450",2018,"2018-04-08",3,"Western Bulldogs",0.34
"451",2018,"2018-04-08",3,"Essendon",0.66
"452",2018,"2018-04-08",3,"West Coast",0.48
"453",2018,"2018-04-08",3,"Geelong",0.52
"454",2018,"2018-04-13",4,"Collingwood",0.19
"455",2018,"2018-04-13",4,"Adelaide",0.81
"456",2018,"2018-04-14",4,"Greater Western Sydney",0.81
"457",2018,"2018-04-14",4,"Fremantle",0.19
"458",2018,"2018-04-14",4,"Richmond",0.87
"459",2018,"2018-04-14",4,"Brisbane Lions",0.13
"460",2018,"2018-04-14",4,"Sydney",0.74
"461",2018,"2018-04-14",4,"Western Bulldogs",0.26
"462",2018,"2018-04-14",4,"North Melbourne",0.64
"463",2018,"2018-04-14",4,"Carlton",0.36
"464",2018,"2018-04-14",4,"West Coast",0.81
"465",2018,"2018-04-14",4,"Gold Coast",0.19
"466",2018,"2018-04-15",4,"Essendon",0.43
"467",2018,"2018-04-15",4,"Port Adelaide",0.57
"468",2018,"2018-04-15",4,"Hawthorn",0.44
"469",2018,"2018-04-15",4,"Melbourne",0.56
"470",2018,"2018-04-15",4,"Geelong",0.75
"471",2018,"2018-04-15",4,"St Kilda",0.25
"472",2018,"2018-04-20",5,"Adelaide",0.23
"473",2018,"2018-04-20",5,"Sydney",0.77
"474",2018,"2018-04-21",5,"St Kilda",0.29
"475",2018,"2018-04-21",5,"West Coast",0.81
"476",2018,"2018-04-21",5,"Carlton",0.19
"477",2018,"2018-04-21",5,"Geelong",0.35
"478",2018,"2018-04-21",5,"Port Adelaide",0.65
"479",2018,"2018-04-21",5,"Fremantle",0.62
"480",2018,"2018-04-21",5,"Western Bulldogs",0.38
"481",2018,"2018-04-22",5,"North Melbourne",0.38
"482",2018,"2018-04-22",5,"Hawthorn",0.62
"483",2018,"2018-04-22",5,"Gold Coast",0.43
"484",2018,"2018-04-22",5,"Brisbane Lions",0.57
"485",2018,"2018-04-24",5,"Richmond",0.63
"486",2018,"2018-04-24",5,"Melbourne",0.37
"487",2018,"2018-04-25",5,"Collingwood",0.55
"488",2018,"2018-04-25",5,"Essendon",0.45
"489",2018,"2018-04-27",6,"Western Bulldogs",0.67
"490",2018,"2018-04-27",6,"Carlton",0.33
"491",2018,"2018-04-28",6,"Sydney",0.34
"492",2018,"2018-04-28",6,"Geelong",0.66
"493",2018,"2018-04-28",6,"Port Adelaide",0.56
"494",2018,"2018-04-28",6,"North Melbourne",0.44
"495",2018,"2018-04-28",6,"Greater Western Sydney",0.86
"496",2018,"2018-04-28",6,"Brisbane Lions",0.14
"497",2018,"2018-04-28",6,"Hawthorn",0.64
"498",2018,"2018-04-28",6,"St Kilda",0.36
"499",2018,"2018-04-28",6,"Adelaide",0.87
"500",2018,"2018-04-28",6,"Gold Coast",0.13
"501",2018,"2018-04-29",6,"Melbourne",0.56
"502",2018,"2018-04-29",6,"Essendon",0.44
"503",2018,"2018-04-29",6,"Richmond",0.65
"504",2018,"2018-04-29",6,"Collingwood",0.35
"505",2018,"2018-04-29",6,"West Coast",0.59
"506",2018,"2018-04-29",6,"Fremantle",0.41
"507",2018,"2018-05-04",7,"Geelong",0.69
"508",2018,"2018-05-04",7,"Greater Western Sydney",0.31
"509",2018,"2018-05-05",7,"Western Bulldogs",0.78
"510",2018,"2018-05-05",7,"Gold Coast",0.22
"511",2018,"2018-05-05",7,"Hawthorn",0.64
"512",2018,"2018-05-05",7,"Essendon",0.36
"513",2018,"2018-05-05",7,"West Coast",0.53
"514",2018,"2018-05-05",7,"Port Adelaide",0.47
"515",2018,"2018-05-05",7,"North Melbourne",0.23
"516",2018,"2018-05-05",7,"Sydney",0.77
"517",2018,"2018-05-05",7,"Adelaide",0.93
"518",2018,"2018-05-05",7,"Carlton",0.07
"519",2018,"2018-05-06",7,"Richmond",0.85
"520",2018,"2018-05-06",7,"Fremantle",0.15
"521",2018,"2018-05-06",7,"Melbourne",0.68
"522",2018,"2018-05-06",7,"St Kilda",0.32
"523",2018,"2018-05-06",7,"Collingwood",0.73
"524",2018,"2018-05-06",7,"Brisbane Lions",0.27
"525",2018,"2018-05-11",8,"Sydney",0.39
"526",2018,"2018-05-11",8,"Hawthorn",0.61
"527",2018,"2018-05-12",8,"West Coast",0.35
"528",2018,"2018-05-12",8,"Greater Western Sydney",0.65
"529",2018,"2018-05-12",8,"Carlton",0.33
"530",2018,"2018-05-12",8,"Essendon",0.67
"531",2018,"2018-05-12",8,"Melbourne",0.76
"532",2018,"2018-05-12",8,"Gold Coast",0.24
"533",2018,"2018-05-12",8,"Port Adelaide",0.45
"534",2018,"2018-05-12",8,"Adelaide",0.55
"535",2018,"2018-05-12",8,"Western Bulldogs",0.67
"536",2018,"2018-05-12",8,"Brisbane Lions",0.33
"537",2018,"2018-05-12",8,"Fremantle",0.64
"538",2018,"2018-05-12",8,"St Kilda",0.36
"539",2018,"2018-05-13",8,"Richmond",0.74
"540",2018,"2018-05-13",8,"North Melbourne",0.26
"541",2018,"2018-05-13",8,"Geelong",0.59
"542",2018,"2018-05-13",8,"Collingwood",0.41
"543",2018,"2018-05-18",9,"Adelaide",0.74
"544",2018,"2018-05-18",9,"Western Bulldogs",0.26
"545",2018,"2018-05-19",9,"North Melbourne",0.65
"546",2018,"2018-05-19",9,"Greater Western Sydney",0.35
"547",2018,"2018-05-19",9,"Port Adelaide",0.88
"548",2018,"2018-05-19",9,"Gold Coast",0.12
"549",2018,"2018-05-19",9,"Essendon",0.2
"550",2018,"2018-05-19",9,"Geelong",0.8
"551",2018,"2018-05-19",9,"Sydney",0.84
"552",2018,"2018-05-19",9,"Fremantle",0.16
"553",2018,"2018-05-19",9,"Collingwood",0.75
"554",2018,"2018-05-19",9,"St Kilda",0.25
"555",2018,"2018-05-20",9,"Melbourne",0.85
"556",2018,"2018-05-20",9,"Carlton",0.15
"557",2018,"2018-05-20",9,"Brisbane Lions",0.31
"558",2018,"2018-05-20",9,"Hawthorn",0.69
"559",2018,"2018-05-20",9,"West Coast",0.51
"560",2018,"2018-05-20",9,"Richmond",0.49
"561",2018,"2018-05-25",10,"Collingwood",0.69
"562",2018,"2018-05-25",10,"Western Bulldogs",0.31
"563",2018,"2018-05-26",10,"Richmond",0.88
"564",2018,"2018-05-26",10,"St Kilda",0.12
"565",2018,"2018-05-26",10,"Sydney",0.69
"566",2018,"2018-05-26",10,"Brisbane Lions",0.31
"567",2018,"2018-05-26",10,"Geelong",0.9
"568",2018,"2018-05-26",10,"Carlton",0.1
"569",2018,"2018-05-26",10,"Essendon",0.31
"570",2018,"2018-05-26",10,"Greater Western Sydney",0.69
"571",2018,"2018-05-27",10,"West Coast",0.55
"572",2018,"2018-05-27",10,"Hawthorn",0.45
"573",2018,"2018-05-27",10,"Melbourne",0.58
"574",2018,"2018-05-27",10,"Adelaide",0.42
"575",2018,"2018-05-27",10,"North Melbourne",0.49
"576",2018,"2018-05-27",10,"Fremantle",0.51
"577",2018,"2018-06-01",11,"Sydney",0.91
"578",2018,"2018-06-01",11,"Carlton",0.09
"579",2018,"2018-06-02",11,"Melbourne",0.83
"580",2018,"2018-06-02",11,"Western Bulldogs",0.17
"581",2018,"2018-06-02",11,"Hawthorn",0.48
"582",2018,"2018-06-02",11,"Port Adelaide",0.52
"583",2018,"2018-06-02",11,"Geelong",0.72
"584",2018,"2018-06-02",11,"Gold Coast",0.28
"585",2018,"2018-06-02",11,"Richmond",0.7
"586",2018,"2018-06-02",11,"Essendon",0.3
"587",2018,"2018-06-02",11,"West Coast",0.92
"588",2018,"2018-06-02",11,"St Kilda",0.08
"589",2018,"2018-06-03",11,"North Melbourne",0.77
"590",2018,"2018-06-03",11,"Brisbane Lions",0.23
"591",2018,"2018-06-03",11,"Collingwood",0.85
"592",2018,"2018-06-03",11,"Fremantle",0.15
"593",2018,"2018-06-03",11,"Greater Western Sydney",0.26
"594",2018,"2018-06-03",11,"Adelaide",0.74
"595",2018,"2018-06-08",12,"Port Adelaide",0.57
"596",2018,"2018-06-08",12,"Richmond",0.43
"597",2018,"2018-06-09",12,"Geelong",0.66
"598",2018,"2018-06-09",12,"North Melbourne",0.34
"599",2018,"2018-06-09",12,"Greater Western Sydney",0.9
"600",2018,"2018-06-09",12,"Gold Coast",0.1
"601",2018,"2018-06-09",12,"Sydney",0.78
"602",2018,"2018-06-09",12,"St Kilda",0.22
"603",2018,"2018-06-10",12,"Essendon",0.56
"604",2018,"2018-06-10",12,"Brisbane Lions",0.44
"605",2018,"2018-06-10",12,"Fremantle",0.25
"606",2018,"2018-06-10",12,"Adelaide",0.75
"607",2018,"2018-06-11",12,"Collingwood",0.38
"608",2018,"2018-06-11",12,"Melbourne",0.62
"609",2018,"2018-06-14",13,"Port Adelaide",0.87
"610",2018,"2018-06-14",13,"Western Bulldogs",0.13
"611",2018,"2018-06-15",13,"Sydney",0.64
"612",2018,"2018-06-15",13,"West Coast",0.36
"613",2018,"2018-06-16",13,"Fremantle",0.54
"614",2018,"2018-06-16",13,"Carlton",0.46
"615",2018,"2018-06-16",13,"St Kilda",0.61
"616",2018,"2018-06-16",13,"Gold Coast",0.39
"617",2018,"2018-06-16",13,"Hawthorn",0.67
"618",2018,"2018-06-16",13,"Adelaide",0.33
"619",2018,"2018-06-17",13,"Richmond",0.61
"620",2018,"2018-06-17",13,"Geelong",0.39
"621",2018,"2018-06-21",14,"Essendon",0.28
"622",2018,"2018-06-21",14,"West Coast",0.72
"623",2018,"2018-06-22",14,"Port Adelaide",0.57
"624",2018,"2018-06-22",14,"Melbourne",0.43
"625",2018,"2018-06-23",14,"Hawthorn",0.93
"626",2018,"2018-06-23",14,"Gold Coast",0.07
"627",2018,"2018-06-23",14,"Greater Western Sydney",0.71
"628",2018,"2018-06-23",14,"Brisbane Lions",0.29
"629",2018,"2018-06-23",14,"North Melbourne",0.75
"630",2018,"2018-06-23",14,"Western Bulldogs",0.25
"631",2018,"2018-06-24",14,"Collingwood",0.9
"632",2018,"2018-06-24",14,"Carlton",0.1
"633",2018,"2018-06-28",15,"Richmond",0.63
"634",2018,"2018-06-28",15,"Sydney",0.37
"635",2018,"2018-06-29",15,"Western Bulldogs",0.17
"636",2018,"2018-06-29",15,"Geelong",0.83
"637",2018,"2018-06-30",15,"Port Adelaide",0.85
"638",2018,"2018-06-30",15,"Carlton",0.15
"639",2018,"2018-06-30",15,"Adelaide",0.66
"640",2018,"2018-06-30",15,"West Coast",0.34
"641",2018,"2018-06-30",15,"Collingwood",0.88
"642",2018,"2018-06-30",15,"Gold Coast",0.12
"643",2018,"2018-06-30",15,"Greater Western Sydney",0.62
"644",2018,"2018-06-30",15,"Hawthorn",0.38
"645",2018,"2018-07-01",15,"St Kilda",0.14
"646",2018,"2018-07-01",15,"Melbourne",0.86
"647",2018,"2018-07-01",15,"Essendon",0.48
"648",2018,"2018-07-01",15,"North Melbourne",0.52
"649",2018,"2018-07-01",15,"Brisbane Lions",0.25
"650",2018,"2018-07-01",15,"Fremantle",0.75
"651",2018,"2018-07-05",16,"Geelong",0.44
"652",2018,"2018-07-05",16,"Sydney",0.56
"653",2018,"2018-07-06",16,"Richmond",0.77
"654",2018,"2018-07-06",16,"Adelaide",0.23
"655",2018,"2018-07-07",16,"Brisbane Lions",0.74
"656",2018,"2018-07-07",16,"Carlton",0.26
"657",2018,"2018-07-07",16,"Port Adelaide",0.85
"658",2018,"2018-07-07",16,"St Kilda",0.15
"659",2018,"2018-07-07",16,"Hawthorn",0.67
"660",2018,"2018-07-07",16,"Western Bulldogs",0.33
"661",2018,"2018-07-07",16,"Melbourne",0.89
"662",2018,"2018-07-07",16,"Fremantle",0.11
"663",2018,"2018-07-08",16,"North Melbourne",0.9
"664",2018,"2018-07-08",16,"Gold Coast",0.1
"665",2018,"2018-07-08",16,"Collingwood",0.61
"666",2018,"2018-07-08",16,"Essendon",0.39
"667",2018,"2018-07-08",16,"West Coast",0.59
"668",2018,"2018-07-08",16,"Greater Western Sydney",0.41
"669",2018,"2018-07-12",17,"Adelaide",0.48
"670",2018,"2018-07-12",17,"Geelong",0.52
"671",2018,"2018-07-13",17,"St Kilda",0.73
"672",2018,"2018-07-13",17,"Carlton",0.27
"673",2018,"2018-07-14",17,"Brisbane Lions",0.21
"674",2018,"2018-07-14",17,"Hawthorn",0.79
"675",2018,"2018-07-14",17,"Melbourne",0.85
"676",2018,"2018-07-14",17,"Western Bulldogs",0.15
"677",2018,"2018-07-14",17,"Essendon",0.76
"678",2018,"2018-07-14",17,"Gold Coast",0.24
"679",2018,"2018-07-14",17,"Greater Western Sydney",0.38
"680",2018,"2018-07-14",17,"Richmond",0.62
"681",2018,"2018-07-15",17,"West Coast",0.37
"682",2018,"2018-07-15",17,"Collingwood",0.63
"683",2018,"2018-07-15",17,"Sydney",0.48
"684",2018,"2018-07-15",17,"North Melbourne",0.52
"685",2018,"2018-07-15",17,"Fremantle",0.18
"686",2018,"2018-07-15",17,"Port Adelaide",0.82
"687",2018,"2018-07-20",18,"Richmond",0.83
"688",2018,"2018-07-20",18,"St Kilda",0.17
"689",2018,"2018-07-21",18,"Collingwood",0.64
"690",2018,"2018-07-21",18,"North Melbourne",0.36
"691",2018,"2018-07-21",18,"Gold Coast",0.0600000000000001
"692",2018,"2018-07-21",18,"Sydney",0.94
"693",2018,"2018-07-21",18,"Essendon",0.86
"694",2018,"2018-07-21",18,"Fremantle",0.14
"695",2018,"2018-07-21",18,"Adelaide",0.59
"696",2018,"2018-07-21",18,"Brisbane Lions",0.41
"697",2018,"2018-07-21",18,"Geelong",0.64
"698",2018,"2018-07-21",18,"Melbourne",0.36
"699",2018,"2018-07-22",18,"Hawthorn",0.83
"700",2018,"2018-07-22",18,"Carlton",0.17
"701",2018,"2018-07-22",18,"West Coast",0.86
"702",2018,"2018-07-22",18,"Western Bulldogs",0.14
"703",2018,"2018-07-22",18,"Greater Western Sydney",0.4
"704",2018,"2018-07-22",18,"Port Adelaide",0.6
"705",2018,"2018-07-27",19,"Essendon",0.56
"706",2018,"2018-07-27",19,"Sydney",0.44
"707",2018,"2018-07-28",19,"Richmond",0.71
"708",2018,"2018-07-28",19,"Collingwood",0.29
"709",2018,"2018-07-28",19,"Geelong",0.81
"710",2018,"2018-07-28",19,"Brisbane Lions",0.19
"711",2018,"2018-07-28",19,"Greater Western Sydney",0.84
"712",2018,"2018-07-28",19,"St Kilda",0.16
"713",2018,"2018-07-28",19,"Carlton",0.3
"714",2018,"2018-07-28",19,"Gold Coast",0.7
"715",2018,"2018-07-28",19,"Melbourne",0.45
"716",2018,"2018-07-28",19,"Adelaide",0.55
"717",2018,"2018-07-29",19,"North Melbourne",0.57
"718",2018,"2018-07-29",19,"West Coast",0.43
"719",2018,"2018-07-29",19,"Port Adelaide",0.73
"720",2018,"2018-07-29",19,"Western Bulldogs",0.27
"721",2018,"2018-07-29",19,"Hawthorn",0.68
"722",2018,"2018-07-29",19,"Fremantle",0.32
"723",2018,"2018-08-03",20,"Richmond",0.67
"724",2018,"2018-08-03",20,"Geelong",0.33
"725",2018,"2018-08-04",20,"Hawthorn",0.47
"726",2018,"2018-08-04",20,"Essendon",0.53
"727",2018,"2018-08-04",20,"North Melbourne",0.46
"728",2018,"2018-08-04",20,"Brisbane Lions",0.54
"729",2018,"2018-08-04",20,"Adelaide",0.46
"730",2018,"2018-08-04",20,"Port Adelaide",0.54
"731",2018,"2018-08-04",20,"Western Bulldogs",0.41
"732",2018,"2018-08-04",20,"St Kilda",0.59
"733",2018,"2018-08-04",20,"Sydney",0.57
"734",2018,"2018-08-04",20,"Collingwood",0.43
"735",2018,"2018-08-05",20,"Greater Western Sydney",0.88
"736",2018,"2018-08-05",20,"Carlton",0.12
"737",2018,"2018-08-05",20,"Melbourne",0.93
"738",2018,"2018-08-05",20,"Gold Coast",0.07
"739",2018,"2018-08-05",20,"West Coast",0.82
"740",2018,"2018-08-05",20,"Fremantle",0.18
"741",2018,"2018-08-10",21,"Essendon",0.81
"742",2018,"2018-08-10",21,"St Kilda",0.19
"743",2018,"2018-08-11",21,"Hawthorn",0.36
"744",2018,"2018-08-11",21,"Geelong",0.64
"745",2018,"2018-08-11",21,"Richmond",0.93
"746",2018,"2018-08-11",21,"Gold Coast",0.07
"747",2018,"2018-08-11",21,"West Coast",0.31
"748",2018,"2018-08-11",21,"Port Adelaide",0.69
"749",2018,"2018-08-11",21,"Collingwood",0.76
"750",2018,"2018-08-11",21,"Brisbane Lions",0.24
"751",2018,"2018-08-11",21,"Greater Western Sydney",0.64
"752",2018,"2018-08-11",21,"Adelaide",0.36
"753",2018,"2018-08-12",21,"Western Bulldogs",0.26
"754",2018,"2018-08-12",21,"North Melbourne",0.74
"755",2018,"2018-08-12",21,"Sydney",0.28
"756",2018,"2018-08-12",21,"Melbourne",0.72
"757",2018,"2018-08-12",21,"Fremantle",0.76
"758",2018,"2018-08-12",21,"Carlton",0.24
"759",2018,"2018-08-17",22,"Richmond",0.66
"760",2018,"2018-08-17",22,"Essendon",0.34
"761",2018,"2018-08-18",22,"Collingwood",0.65
"762",2018,"2018-08-18",22,"Port Adelaide",0.35
"763",2018,"2018-08-18",22,"Geelong",0.91
"764",2018,"2018-08-18",22,"Fremantle",0.09
"765",2018,"2018-08-18",22,"Sydney",0.46
"766",2018,"2018-08-18",22,"Greater Western Sydney",0.54
"767",2018,"2018-08-18",22,"Brisbane Lions",0.77
"768",2018,"2018-08-18",22,"Gold Coast",0.23
"769",2018,"2018-08-18",22,"Hawthorn",0.82
"770",2018,"2018-08-18",22,"St Kilda",0.18
"771",2018,"2018-08-19",22,"Western Bulldogs",0.79
"772",2018,"2018-08-19",22,"Carlton",0.21
"773",2018,"2018-08-19",22,"Melbourne",0.45
"774",2018,"2018-08-19",22,"West Coast",0.55
"775",2018,"2018-08-19",22,"Adelaide",0.7
"776",2018,"2018-08-19",22,"North Melbourne",0.3
"777",2018,"2018-08-25",23,"Adelaide",0.82
"778",2018,"2018-08-25",23,"Carlton",0.18
"779",2018,"2018-08-25",23,"Geelong",0.95
"780",2018,"2018-08-25",23,"Gold Coast",0.05
"781",2018,"2018-08-25",23,"Richmond",0.88
"782",2018,"2018-08-25",23,"Western Bulldogs",0.12
"783",2018,"2018-08-25",23,"Hawthorn",0.53
"784",2018,"2018-08-25",23,"Sydney",0.47
"785",2018,"2018-08-26",23,"West Coast",0.59
"786",2018,"2018-08-26",23,"Brisbane Lions",0.41
"787",2018,"2018-08-26",23,"North Melbourne",0.72
"788",2018,"2018-08-26",23,"St Kilda",0.28
"789",2018,"2018-08-26",23,"Melbourne",0.66
"790",2018,"2018-08-26",23,"Greater Western Sydney",0.34
"791",2018,"2018-08-24",23,"Essendon",0.41
"792",2018,"2018-08-24",23,"Port Adelaide",0.59
"793",2018,"2018-08-25",23,"Collingwood",0.83
"794",2018,"2018-08-25",23,"Fremantle",0.17
"795",2018,"2018-04-21",5,"St Kilda",0.33
"796",2018,"2018-04-21",5,"Greater Western Sydney",0.67
"797",2019,"2019-03-21",1,"Richmond",0.86
"798",2019,"2019-03-21",1,"Carlton",0.14
"799",2019,"2019-03-22",1,"Geelong",0.37
"800",2019,"2019-03-22",1,"Collingwood",0.63
"801",2019,"2019-03-23",1,"Port Adelaide",0.2
"802",2019,"2019-03-23",1,"Melbourne",0.8
"803",2019,"2019-03-23",1,"Hawthorn",0.26
"804",2019,"2019-03-23",1,"Adelaide",0.74
"805",2019,"2019-03-23",1,"Western Bulldogs",0.38
"806",2019,"2019-03-23",1,"Sydney",0.62
"807",2019,"2019-03-23",1,"Brisbane Lions",0.44
"808",2019,"2019-03-23",1,"West Coast",0.56
"809",2019,"2019-03-24",1,"St Kilda",0.76
"810",2019,"2019-03-24",1,"Gold Coast",0.24
"811",2019,"2019-03-24",1,"Greater Western Sydney",0.53
"812",2019,"2019-03-24",1,"Essendon",0.47
"813",2019,"2019-03-24",1,"Fremantle",0.45
"814",2019,"2019-03-24",1,"North Melbourne",0.55
"815",2019,"2019-03-28",2,"Collingwood",0.51
"816",2019,"2019-03-28",2,"Richmond",0.49
"817",2019,"2019-03-29",2,"Adelaide",0.47
"818",2019,"2019-03-29",2,"Sydney",0.53
"819",2019,"2019-03-30",2,"St Kilda",0.3
"820",2019,"2019-03-30",2,"Essendon",0.7
"821",2019,"2019-03-30",2,"Port Adelaide",0.82
"822",2019,"2019-03-30",2,"Carlton",0.18
"823",2019,"2019-03-30",2,"Geelong",0.6
"824",2019,"2019-03-30",2,"Melbourne",0.4
"825",2019,"2019-03-30",2,"West Coast",0.65
"826",2019,"2019-03-30",2,"Greater Western Sydney",0.35
"827",2019,"2019-03-31",2,"Brisbane Lions",0.49
"828",2019,"2019-03-31",2,"North Melbourne",0.51
"829",2019,"2019-03-31",2,"Western Bulldogs",0.31
"830",2019,"2019-03-31",2,"Hawthorn",0.69
"831",2019,"2019-03-31",2,"Gold Coast",0.31
"832",2019,"2019-03-31",2,"Fremantle",0.69
"833",2019,"2019-04-04",3,"Geelong",0.53
"834",2019,"2019-04-04",3,"Adelaide",0.47
"835",2019,"2019-04-05",3,"Essendon",0.35
"836",2019,"2019-04-05",3,"Melbourne",0.65
"837",2019,"2019-04-06",3,"Sydney",0.66
"838",2019,"2019-04-06",3,"Carlton",0.34
"839",2019,"2019-04-06",3,"Greater Western Sydney",0.64
"840",2019,"2019-04-06",3,"Richmond",0.36
"841",2019,"2019-04-06",3,"Brisbane Lions",0.6
"842",2019,"2019-04-06",3,"Port Adelaide",0.4
"843",2019,"2019-04-06",3,"West Coast",0.31
"844",2019,"2019-04-06",3,"Collingwood",0.69
"845",2019,"2019-04-07",3,"Gold Coast",0.19
"846",2019,"2019-04-07",3,"Western Bulldogs",0.81
"847",2019,"2019-04-07",3,"Hawthorn",0.62
"848",2019,"2019-04-07",3,"North Melbourne",0.38
"849",2019,"2019-04-07",3,"Fremantle",0.68
"850",2019,"2019-04-07",3,"St Kilda",0.32
"851",2019,"2019-04-11",4,"Melbourne",0.45
"852",2019,"2019-04-11",4,"Sydney",0.55
"853",2019,"2019-04-12",4,"Collingwood",0.74
"854",2019,"2019-04-12",4,"Western Bulldogs",0.26
"855",2019,"2019-04-13",4,"Greater Western Sydney",0.34
"856",2019,"2019-04-13",4,"Geelong",0.66
"857",2019,"2019-04-13",4,"Essendon",0.55
"858",2019,"2019-04-13",4,"Brisbane Lions",0.45
"859",2019,"2019-04-13",4,"Richmond",0.26
"860",2019,"2019-04-13",4,"Port Adelaide",0.74
"861",2019,"2019-04-13",4,"North Melbourne",0.53
"862",2019,"2019-04-13",4,"Adelaide",0.47
"863",2019,"2019-04-13",4,"West Coast",0.86
"864",2019,"2019-04-13",4,"Fremantle",0.14
"865",2019,"2019-04-14",4,"Gold Coast",0.56
"866",2019,"2019-04-14",4,"Carlton",0.44
"867",2019,"2019-04-14",4,"St Kilda",0.37
"868",2019,"2019-04-14",4,"Hawthorn",0.63
"869",2019,"2019-04-18",5,"Collingwood",0.57
"870",2019,"2019-04-18",5,"Brisbane Lions",0.43
"871",2019,"2019-04-19",5,"Essendon",0.57
"872",2019,"2019-04-19",5,"North Melbourne",0.43
"873",2019,"2019-04-19",5,"Port Adelaide",0.26
"874",2019,"2019-04-19",5,"West Coast",0.74
"875",2019,"2019-04-20",5,"Fremantle",0.16
"876",2019,"2019-04-20",5,"Greater Western Sydney",0.84
"877",2019,"2019-04-20",5,"St Kilda",0.34
"878",2019,"2019-04-20",5,"Melbourne",0.66
"879",2019,"2019-04-20",5,"Richmond",0.66
"880",2019,"2019-04-20",5,"Sydney",0.34
"881",2019,"2019-04-21",5,"Carlton",0.3
"882",2019,"2019-04-21",5,"Western Bulldogs",0.7
"883",2019,"2019-04-21",5,"Adelaide",0.81
"884",2019,"2019-04-21",5,"Gold Coast",0.19
"885",2019,"2019-04-22",5,"Geelong",0.64
"886",2019,"2019-04-22",5,"Hawthorn",0.36
"887",2019,"2019-04-24",6,"Richmond",0.64
"888",2019,"2019-04-24",6,"Melbourne",0.36
"889",2019,"2019-04-25",6,"Collingwood",0.63
"890",2019,"2019-04-25",6,"Essendon",0.37
"891",2019,"2019-04-26",6,"Port Adelaide",0.77
"892",2019,"2019-04-26",6,"North Melbourne",0.23
"893",2019,"2019-04-27",6,"Brisbane Lions",0.68
"894",2019,"2019-04-27",6,"Gold Coast",0.32
"895",2019,"2019-04-27",6,"Adelaide",0.47
"896",2019,"2019-04-27",6,"St Kilda",0.53
"897",2019,"2019-04-27",6,"Greater Western Sydney",0.7
"898",2019,"2019-04-27",6,"Sydney",0.3
"899",2019,"2019-04-27",6,"Fremantle",0.67
"900",2019,"2019-04-27",6,"Western Bulldogs",0.33
"901",2019,"2019-04-28",6,"Hawthorn",0.72
"902",2019,"2019-04-28",6,"Carlton",0.28
"903",2019,"2019-04-28",6,"Geelong",0.73
"904",2019,"2019-04-28",6,"West Coast",0.27
"905",2019,"2019-05-03",7,"Collingwood",0.74
"906",2019,"2019-05-03",7,"Port Adelaide",0.26
"907",2019,"2019-05-04",7,"Melbourne",0.43
"908",2019,"2019-05-04",7,"Hawthorn",0.57
"909",2019,"2019-05-04",7,"Greater Western Sydney",0.75
"910",2019,"2019-05-04",7,"St Kilda",0.25
"911",2019,"2019-05-04",7,"Brisbane Lions",0.68
"912",2019,"2019-05-04",7,"Sydney",0.32
"913",2019,"2019-05-04",7,"Western Bulldogs",0.34
"914",2019,"2019-05-04",7,"Richmond",0.66
"915",2019,"2019-05-04",7,"West Coast",0.89
"916",2019,"2019-05-04",7,"Gold Coast",0.11
"917",2019,"2019-05-05",7,"North Melbourne",0.64
"918",2019,"2019-05-05",7,"Carlton",0.36
"919",2019,"2019-05-05",7,"Geelong",0.59
"920",2019,"2019-05-05",7,"Essendon",0.41
"921",2019,"2019-05-05",7,"Adelaide",0.72
"922",2019,"2019-05-05",7,"Fremantle",0.28
"923",2019,"2019-05-10",8,"Sydney",0.36
"924",2019,"2019-05-10",8,"Essendon",0.64
"925",2019,"2019-05-11",8,"Western Bulldogs",0.57
"926",2019,"2019-05-11",8,"Brisbane Lions",0.43
"927",2019,"2019-05-11",8,"Collingwood",0.86
"928",2019,"2019-05-11",8,"Carlton",0.14
"929",2019,"2019-05-11",8,"Melbourne",0.69
"930",2019,"2019-05-11",8,"Gold Coast",0.31
"931",2019,"2019-05-11",8,"West Coast",0.54
"932",2019,"2019-05-11",8,"St Kilda",0.46
"933",2019,"2019-05-11",8,"Adelaide",0.58
"934",2019,"2019-05-11",8,"Port Adelaide",0.42
"935",2019,"2019-05-12",8,"Geelong",0.76
"936",2019,"2019-05-12",8,"North Melbourne",0.24
"937",2019,"2019-05-12",8,"Hawthorn",0.41
"938",2019,"2019-05-12",8,"Greater Western Sydney",0.59
"939",2019,"2019-05-12",8,"Richmond",0.41
"940",2019,"2019-05-12",8,"Fremantle",0.59
"941",2019,"2019-05-17",9,"West Coast",0.75
"942",2019,"2019-05-17",9,"Melbourne",0.25
"943",2019,"2019-05-18",9,"Collingwood",0.77
"944",2019,"2019-05-18",9,"St Kilda",0.23
"945",2019,"2019-05-18",9,"Brisbane Lions",0.54
"946",2019,"2019-05-18",9,"Adelaide",0.46
"947",2019,"2019-05-18",9,"Geelong",0.79
"948",2019,"2019-05-18",9,"Western Bulldogs",0.21
"949",2019,"2019-05-18",9,"Essendon",0.65
"950",2019,"2019-05-18",9,"Fremantle",0.35
"951",2019,"2019-05-18",9,"Sydney",0.31
"952",2019,"2019-05-18",9,"North Melbourne",0.69
"953",2019,"2019-05-19",9,"Port Adelaide",0.8
"954",2019,"2019-05-19",9,"Gold Coast",0.2
"955",2019,"2019-05-19",9,"Richmond",0.54
"956",2019,"2019-05-19",9,"Hawthorn",0.46
"957",2019,"2019-05-19",9,"Greater Western Sydney",0.86
"958",2019,"2019-05-19",9,"Carlton",0.14
"959",2019,"2019-05-24",10,"Collingwood",0.66
"960",2019,"2019-05-24",10,"Sydney",0.34
"961",2019,"2019-05-25",10,"Hawthorn",0.57
"962",2019,"2019-05-25",10,"Port Adelaide",0.43
"963",2019,"2019-05-25",10,"North Melbourne",0.4
"964",2019,"2019-05-25",10,"Western Bulldogs",0.6
"965",2019,"2019-05-25",10,"West Coast",0.38
"966",2019,"2019-05-25",10,"Adelaide",0.62
"967",2019,"2019-05-25",10,"Geelong",0.86
"968",2019,"2019-05-25",10,"Gold Coast",0.14
"969",2019,"2019-05-25",10,"Richmond",0.58
"970",2019,"2019-05-25",10,"Essendon",0.42
"971",2019,"2019-05-26",10,"Greater Western Sydney",0.62
"972",2019,"2019-05-26",10,"Melbourne",0.38
"973",2019,"2019-05-26",10,"St Kilda",0.65
"974",2019,"2019-05-26",10,"Carlton",0.35
"975",2019,"2019-05-26",10,"Fremantle",0.55
"976",2019,"2019-05-26",10,"Brisbane Lions",0.45
"977",2019,"2019-05-31",11,"North Melbourne",0.31
"978",2019,"2019-05-31",11,"Richmond",0.69
"979",2019,"2019-06-01",11,"Fremantle",0.17
"980",2019,"2019-06-01",11,"Collingwood",0.83
"981",2019,"2019-06-01",11,"Greater Western Sydney",0.91
"982",2019,"2019-06-01",11,"Gold Coast",0.09
"983",2019,"2019-06-01",11,"Geelong",0.82
"984",2019,"2019-06-01",11,"Sydney",0.18
"985",2019,"2019-06-01",11,"Brisbane Lions",0.59
"986",2019,"2019-06-01",11,"Hawthorn",0.41
"987",2019,"2019-06-01",11,"Adelaide",0.61
"988",2019,"2019-06-01",11,"Melbourne",0.39
"989",2019,"2019-06-02",11,"Port Adelaide",0.7
"990",2019,"2019-06-02",11,"St Kilda",0.3
"991",2019,"2019-06-02",11,"Essendon",0.67
"992",2019,"2019-06-02",11,"Carlton",0.33
"993",2019,"2019-06-02",11,"West Coast",0.78
"994",2019,"2019-06-02",11,"Western Bulldogs",0.22
"995",2019,"2019-06-07",12,"Geelong",0.67
"996",2019,"2019-06-07",12,"Richmond",0.33
"997",2019,"2019-06-08",12,"Carlton",0.35
"998",2019,"2019-06-08",12,"Brisbane Lions",0.65
"999",2019,"2019-06-08",12,"North Melbourne",0.7
"1000",2019,"2019-06-08",12,"Gold Coast",0.3
"1001",2019,"2019-06-08",12,"Adelaide",0.52
"1002",2019,"2019-06-08",12,"Greater Western Sydney",0.48
"1003",2019,"2019-06-09",12,"Sydney",0.49
"1004",2019,"2019-06-09",12,"West Coast",0.51
"1005",2019,"2019-06-10",12,"Collingwood",0.67
"1006",2019,"2019-06-10",12,"Melbourne",0.33
"1007",2019,"2019-06-13",13,"Adelaide",0.8
"1008",2019,"2019-06-13",13,"Richmond",0.2
"1009",2019,"2019-06-14",13,"Essendon",0.57
"1010",2019,"2019-06-14",13,"Hawthorn",0.43
"1011",2019,"2019-06-15",13,"St Kilda",0.61
"1012",2019,"2019-06-15",13,"Gold Coast",0.39
"1013",2019,"2019-06-15",13,"Fremantle",0.52
"1014",2019,"2019-06-15",13,"Port Adelaide",0.48
"1015",2019,"2019-06-15",13,"Western Bulldogs",0.63
"1016",2019,"2019-06-15",13,"Carlton",0.37
"1017",2019,"2019-06-16",13,"Greater Western Sydney",0.63
"1018",2019,"2019-06-16",13,"North Melbourne",0.37
"1019",2019,"2019-06-20",14,"West Coast",0.7
"1020",2019,"2019-06-20",14,"Essendon",0.3
"1021",2019,"2019-06-21",14,"Sydney",0.63
"1022",2019,"2019-06-21",14,"Hawthorn",0.37
"1023",2019,"2019-06-22",14,"Melbourne",0.6
"1024",2019,"2019-06-22",14,"Fremantle",0.4
"1025",2019,"2019-06-22",14,"Brisbane Lions",0.56
"1026",2019,"2019-06-22",14,"St Kilda",0.44
"1027",2019,"2019-06-22",14,"Port Adelaide",0.35
"1028",2019,"2019-06-22",14,"Geelong",0.65
"1029",2019,"2019-06-23",14,"Collingwood",0.74
"1030",2019,"2019-06-23",14,"Western Bulldogs",0.26
"1031",2019,"2019-06-27",15,"Essendon",0.42
"1032",2019,"2019-06-27",15,"Greater Western Sydney",0.58
"1033",2019,"2019-06-28",15,"Geelong",0.76
"1034",2019,"2019-06-28",15,"Adelaide",0.24
"1035",2019,"2019-06-29",15,"West Coast",0.55
"1036",2019,"2019-06-29",15,"Hawthorn",0.45
"1037",2019,"2019-06-29",15,"Sydney",0.85
"1038",2019,"2019-06-29",15,"Gold Coast",0.15
"1039",2019,"2019-06-29",15,"North Melbourne",0.29
"1040",2019,"2019-06-29",15,"Collingwood",0.71
"1041",2019,"2019-06-29",15,"Western Bulldogs",0.28
"1042",2019,"2019-06-29",15,"Port Adelaide",0.72
"1043",2019,"2019-06-30",15,"Richmond",0.72
"1044",2019,"2019-06-30",15,"St Kilda",0.28
"1045",2019,"2019-06-30",15,"Brisbane Lions",0.62
"1046",2019,"2019-06-30",15,"Melbourne",0.38
"1047",2019,"2019-06-30",15,"Carlton",0.17
"1048",2019,"2019-06-30",15,"Fremantle",0.83
"1049",2019,"2019-07-05",16,"Hawthorn",0.35
"1050",2019,"2019-07-05",16,"Collingwood",0.65
"1051",2019,"2019-07-06",16,"Essendon",0.62
"1052",2019,"2019-07-06",16,"Sydney",0.38
"1053",2019,"2019-07-06",16,"Richmond",0.8
"1054",2019,"2019-07-06",16,"Gold Coast",0.2
"1055",2019,"2019-07-06",16,"Port Adelaide",0.44
"1056",2019,"2019-07-06",16,"Adelaide",0.56
"1057",2019,"2019-07-06",16,"Western Bulldogs",0.26
"1058",2019,"2019-07-06",16,"Geelong",0.74
"1059",2019,"2019-07-06",16,"West Coast",0.65
"1060",2019,"2019-07-06",16,"Fremantle",0.35
"1061",2019,"2019-07-07",16,"Melbourne",0.67
"1062",2019,"2019-07-07",16,"Carlton",0.33
"1063",2019,"2019-07-07",16,"North Melbourne",0.75
"1064",2019,"2019-07-07",16,"St Kilda",0.25
"1065",2019,"2019-07-07",16,"Brisbane Lions",0.3
"1066",2019,"2019-07-07",16,"Greater Western Sydney",0.7
"1067",2019,"2019-07-12",17,"Collingwood",0.25
"1068",2019,"2019-07-12",17,"West Coast",0.75
"1069",2019,"2019-07-13",17,"Carlton",0.24
"1070",2019,"2019-07-13",17,"Sydney",0.76
"1071",2019,"2019-07-13",17,"Hawthorn",0.66
"1072",2019,"2019-07-13",17,"Fremantle",0.34
"1073",2019,"2019-07-13",17,"Essendon",0.47
"1074",2019,"2019-07-13",17,"North Melbourne",0.53
"1075",2019,"2019-07-13",17,"Adelaide",0.83
"1076",2019,"2019-07-13",17,"Gold Coast",0.17
"1077",2019,"2019-07-13",17,"Geelong",0.88
"1078",2019,"2019-07-13",17,"St Kilda",0.12
"1079",2019,"2019-07-14",17,"Richmond",0.66
"1080",2019,"2019-07-14",17,"Greater Western Sydney",0.34
"1081",2019,"2019-07-14",17,"Western Bulldogs",0.52
"1082",2019,"2019-07-14",17,"Melbourne",0.48
"1083",2019,"2019-07-14",17,"Brisbane Lions",0.33
"1084",2019,"2019-07-14",17,"Port Adelaide",0.67
"1085",2019,"2019-07-19",18,"Essendon",0.28
"1086",2019,"2019-07-19",18,"Adelaide",0.72
"1087",2019,"2019-07-20",18,"Richmond",0.7
"1088",2019,"2019-07-20",18,"Port Adelaide",0.3
"1089",2019,"2019-07-20",18,"Carlton",0.82
"1090",2019,"2019-07-20",18,"Gold Coast",0.18
"1091",2019,"2019-07-20",18,"Greater Western Sydney",0.46
"1092",2019,"2019-07-20",18,"Collingwood",0.54
"1093",2019,"2019-07-20",18,"Brisbane Lions",0.67
"1094",2019,"2019-07-20",18,"North Melbourne",0.33
"1095",2019,"2019-07-20",18,"Fremantle",0.55
"1096",2019,"2019-07-20",18,"Sydney",0.45
"1097",2019,"2019-07-21",18,"Hawthorn",0.32
"1098",2019,"2019-07-21",18,"Geelong",0.68
"1099",2019,"2019-07-21",18,"West Coast",0.63
"1100",2019,"2019-07-21",18,"Melbourne",0.37
"1101",2019,"2019-07-21",18,"St Kilda",0.35
"1102",2019,"2019-07-21",18,"Western Bulldogs",0.65
"1103",2019,"2019-07-26",19,"Richmond",0.61
"1104",2019,"2019-07-26",19,"Collingwood",0.39
"1105",2019,"2019-07-27",19,"Brisbane Lions",0.47
"1106",2019,"2019-07-27",19,"Hawthorn",0.53
"1107",2019,"2019-07-27",19,"Carlton",0.38
"1108",2019,"2019-07-27",19,"Adelaide",0.62
"1109",2019,"2019-07-27",19,"West Coast",0.66
"1110",2019,"2019-07-27",19,"North Melbourne",0.34
"1111",2019,"2019-07-27",19,"St Kilda",0.49
"1112",2019,"2019-07-27",19,"Melbourne",0.51
"1113",2019,"2019-07-27",19,"Greater Western Sydney",0.49
"1114",2019,"2019-07-27",19,"Port Adelaide",0.51
"1115",2019,"2019-07-28",19,"Western Bulldogs",0.66
"1116",2019,"2019-07-28",19,"Fremantle",0.34
"1117",2019,"2019-07-28",19,"Geelong",0.64
"1118",2019,"2019-07-28",19,"Sydney",0.36
"1119",2019,"2019-07-28",19,"Essendon",0.82
"1120",2019,"2019-07-28",19,"Gold Coast",0.18
"1121",2019,"2019-08-02",20,"North Melbourne",0.52
"1122",2019,"2019-08-02",20,"Hawthorn",0.48
"1123",2019,"2019-08-03",20,"Port Adelaide",0.42
"1124",2019,"2019-08-03",20,"Essendon",0.58
"1125",2019,"2019-08-03",20,"Greater Western Sydney",0.72
"1126",2019,"2019-08-03",20,"Sydney",0.28
"1127",2019,"2019-08-03",20,"Fremantle",0.26
"1128",2019,"2019-08-03",20,"Geelong",0.74
"1129",2019,"2019-08-03",20,"Richmond",0.8
"1130",2019,"2019-08-03",20,"Melbourne",0.2
"1131",2019,"2019-08-03",20,"Adelaide",0.73
"1132",2019,"2019-08-03",20,"St Kilda",0.27
"1133",2019,"2019-08-04",20,"Collingwood",0.87
"1134",2019,"2019-08-04",20,"Gold Coast",0.13
"1135",2019,"2019-08-04",20,"West Coast",0.74
"1136",2019,"2019-08-04",20,"Carlton",0.26
"1137",2019,"2019-08-04",20,"Brisbane Lions",0.7
"1138",2019,"2019-08-04",20,"Western Bulldogs",0.3
"1139",2019,"2019-08-09",21,"Hawthorn",0.34
"1140",2019,"2019-08-09",21,"Greater Western Sydney",0.66
"1141",2019,"2019-08-10",21,"Collingwood",0.64
"1142",2019,"2019-08-10",21,"Melbourne",0.36
"1143",2019,"2019-08-10",21,"Port Adelaide",0.73
"1144",2019,"2019-08-10",21,"Sydney",0.27
"1145",2019,"2019-08-10",21,"Brisbane Lions",0.93
"1146",2019,"2019-08-10",21,"Gold Coast",0.07
"1147",2019,"2019-08-10",21,"Western Bulldogs",0.57
"1148",2019,"2019-08-10",21,"Essendon",0.43
"1149",2019,"2019-08-10",21,"Geelong",0.72
"1150",2019,"2019-08-10",21,"North Melbourne",0.28
"1151",2019,"2019-08-11",21,"St Kilda",0.64
"1152",2019,"2019-08-11",21,"Fremantle",0.36
"1153",2019,"2019-08-11",21,"Richmond",0.78
"1154",2019,"2019-08-11",21,"Carlton",0.22
"1155",2019,"2019-08-11",21,"West Coast",0.81
"1156",2019,"2019-08-11",21,"Adelaide",0.19
"1157",2019,"2019-08-16",22,"Sydney",0.43
"1158",2019,"2019-08-16",22,"Melbourne",0.57
"1159",2019,"2019-08-17",22,"Carlton",0.48
"1160",2019,"2019-08-17",22,"St Kilda",0.52
"1161",2019,"2019-08-17",22,"Brisbane Lions",0.58
"1162",2019,"2019-08-17",22,"Geelong",0.42
"1163",2019,"2019-08-17",22,"Collingwood",0.42
"1164",2019,"2019-08-17",22,"Adelaide",0.58
"1165",2019,"2019-08-17",22,"North Melbourne",0.45
"1166",2019,"2019-08-17",22,"Port Adelaide",0.55
"1167",2019,"2019-08-17",22,"Essendon",0.42
"1168",2019,"2019-08-17",22,"Fremantle",0.58
"1169",2019,"2019-08-18",22,"Richmond",0.62
"1170",2019,"2019-08-18",22,"West Coast",0.38
"1171",2019,"2019-08-18",22,"Western Bulldogs",0.45
"1172",2019,"2019-08-18",22,"Greater Western Sydney",0.55
"1173",2019,"2019-08-18",22,"Hawthorn",0.93
"1174",2019,"2019-08-18",22,"Gold Coast",0.07
"1175",2019,"2019-08-25",23,"Richmond",0.71
"1176",2019,"2019-08-25",23,"Brisbane Lions",0.29
"1177",2019,"2019-08-24",23,"Hawthorn",0.23
"1178",2019,"2019-08-24",23,"West Coast",0.77
"1179",2019,"2019-08-24",23,"North Melbourne",0.75
"1180",2019,"2019-08-24",23,"Melbourne",0.25
"1181",2019,"2019-08-24",23,"Greater Western Sydney",0.89
"1182",2019,"2019-08-24",23,"Gold Coast",0.11
"1183",2019,"2019-08-25",23,"Port Adelaide",0.76
"1184",2019,"2019-08-25",23,"Fremantle",0.24
"1185",2019,"2019-08-24",23,"Geelong",0.83
"1186",2019,"2019-08-24",23,"Carlton",0.17
"1187",2019,"2019-08-23",23,"Collingwood",0.82
"1188",2019,"2019-08-23",23,"Essendon",0.18
"1189",2019,"2019-08-25",23,"Western Bulldogs",0.71
"1190",2019,"2019-08-25",23,"Adelaide",0.29
"1191",2019,"2019-08-24",23,"Sydney",0.7
"1192",2019,"2019-08-24",23,"St Kilda",0.3
"1193",2020,"2020-03-19",1,"Richmond",0.77
"1194",2020,"2020-03-19",1,"Carlton",0.23
"1195",2020,"2020-03-20",1,"Collingwood",0.48
"1196",2020,"2020-03-20",1,"Western Bulldogs",0.52
"1197",2020,"2020-03-21",1,"Essendon",0.68
"1198",2020,"2020-03-21",1,"Fremantle",0.32
"1199",2020,"2020-03-21",1,"Sydney",0.43
"1200",2020,"2020-03-21",1,"Adelaide",0.57
"1201",2020,"2020-03-21",1,"Greater Western Sydney",0.63
"1202",2020,"2020-03-21",1,"Geelong",0.37
"1203",2020,"2020-03-21",1,"Port Adelaide",0.7
"1204",2020,"2020-03-21",1,"Gold Coast",0.3
"1205",2020,"2020-03-22",1,"North Melbourne",0.54
"1206",2020,"2020-03-22",1,"St Kilda",0.46
"1207",2020,"2020-03-22",1,"Hawthorn",0.54
"1208",2020,"2020-03-22",1,"Brisbane Lions",0.46
"1209",2020,"2020-03-22",1,"West Coast",0.73
"1210",2020,"2020-03-22",1,"Melbourne",0.27
"1211",2020,"2020-06-11",2,"Collingwood",0.39
"1212",2020,"2020-06-12",2,"Geelong",0.58
"1213",2020,"2020-06-12",2,"Hawthorn",0.42
"1214",2020,"2020-06-13",2,"Brisbane Lions",0.74
"1215",2020,"2020-06-13",2,"Fremantle",0.26
"1216",2020,"2020-06-13",2,"Melbourne",0.58
"1217",2020,"2020-06-13",2,"Carlton",0.42
"1218",2020,"2020-06-13",2,"Gold Coast",0.16
"1219",2020,"2020-06-13",2,"West Coast",0.84
"1220",2020,"2020-06-13",2,"Port Adelaide",0.66
"1221",2020,"2020-06-13",2,"Adelaide",0.34
"1222",2020,"2020-06-14",2,"North Melbourne",0.27
"1223",2020,"2020-06-14",2,"Greater Western Sydney",0.73
"1224",2020,"2020-06-14",2,"Essendon",0.45
"1225",2020,"2020-06-14",2,"Sydney",0.55
"1226",2020,"2020-06-14",2,"St Kilda",0.42
"1227",2020,"2020-06-14",2,"Western Bulldogs",0.58
"1228",2020,"2020-06-18",3,"Hawthorn",0.37
"1229",2020,"2020-06-18",3,"Richmond",0.63
"1230",2020,"2020-06-19",3,"Western Bulldogs",0.48
"1231",2020,"2020-06-19",3,"Greater Western Sydney",0.52
"1232",2020,"2020-06-20",3,"Sydney",0.4
"1233",2020,"2020-06-20",3,"North Melbourne",0.6
"1234",2020,"2020-06-20",3,"Collingwood",0.64
"1235",2020,"2020-06-20",3,"St Kilda",0.36
"1236",2020,"2020-06-20",3,"Brisbane Lions",0.51
"1237",2020,"2020-06-20",3,"West Coast",0.49
"1238",2020,"2020-06-20",3,"Carlton",0.22
"1239",2020,"2020-06-20",3,"Geelong",0.78
"1240",2020,"2020-06-21",3,"Gold Coast",0.51
"1241",2020,"2020-06-21",3,"Adelaide",0.49
"1242",2020,"2020-06-21",3,"Port Adelaide",0.68
"1243",2020,"2020-06-21",3,"Fremantle",0.32
"1244",2020,"2020-06-25",4,"Western Bulldogs",0.44
"1245",2020,"2020-06-25",4,"Sydney",0.56
"1246",2020,"2020-06-26",4,"Greater Western Sydney",0.46
"1247",2020,"2020-06-26",4,"Collingwood",0.54
"1248",2020,"2020-06-27",4,"Port Adelaide",0.62
"1249",2020,"2020-06-27",4,"West Coast",0.38
"1250",2020,"2020-06-27",4,"St Kilda",0.3
"1251",2020,"2020-06-27",4,"Richmond",0.7
"1252",2020,"2020-06-27",4,"Carlton",0.45
"1253",2020,"2020-06-27",4,"Essendon",0.55
"1254",2020,"2020-06-27",4,"Gold Coast",0.56
"1255",2020,"2020-06-27",4,"Fremantle",0.44
"1256",2020,"2020-06-28",4,"Brisbane Lions",0.86
"1257",2020,"2020-06-28",4,"Adelaide",0.14
"1258",2020,"2020-06-28",4,"Geelong",0.63
"1259",2020,"2020-06-28",4,"Melbourne",0.37
"1260",2020,"2020-06-28",4,"Hawthorn",0.62
"1261",2020,"2020-06-28",4,"North Melbourne",0.38
"1262",2020,"2020-07-03",5,"Essendon",0.27
"1263",2020,"2020-07-03",5,"Collingwood",0.73
"1264",2020,"2020-07-02",5,"St Kilda",0.54
"1265",2020,"2020-07-02",5,"Carlton",0.46
"1266",2020,"2020-07-04",5,"Geelong",0.77
"1267",2020,"2020-07-04",5,"Gold Coast",0.23
"1268",2020,"2020-07-04",5,"Western Bulldogs",0.54
"1269",2020,"2020-07-04",5,"North Melbourne",0.46
"1270",2020,"2020-07-04",5,"Brisbane Lions",0.5
"1271",2020,"2020-07-04",5,"Port Adelaide",0.5
"1272",2020,"2020-07-05",5,"Fremantle",0.58
"1273",2020,"2020-07-05",5,"Adelaide",0.42
"1274",2020,"2020-07-05",5,"Greater Western Sydney",0.55
"1275",2020,"2020-07-05",5,"Hawthorn",0.45
"1276",2020,"2020-07-04",5,"West Coast",0.6
"1277",2020,"2020-07-04",5,"Sydney",0.4
"1278",2020,"2020-07-05",5,"Richmond",0.64
"1279",2020,"2020-07-05",5,"Melbourne",0.36
"1280",2020,"2020-07-09",6,"Geelong",0.41
"1281",2020,"2020-07-09",6,"Brisbane Lions",0.59
"1282",2020,"2020-07-10",6,"Collingwood",0.56
"1283",2020,"2020-07-10",6,"Hawthorn",0.44
"1284",2020,"2020-07-11",6,"Fremantle",0.35
"1285",2020,"2020-07-11",6,"St Kilda",0.65
"1286",2020,"2020-07-11",6,"West Coast",0.83
"1287",2020,"2020-07-11",6,"Adelaide",0.17
"1288",2020,"2020-07-11",6,"Melbourne",0.62
"1289",2020,"2020-07-11",6,"Gold Coast",0.38
"1290",2020,"2020-07-11",6,"Essendon",0.6
"1291",2020,"2020-07-11",6,"North Melbourne",0.4
"1292",2020,"2020-07-12",6,"Port Adelaide",0.52
"1293",2020,"2020-07-12",6,"Greater Western Sydney",0.48
"1294",2020,"2020-07-12",6,"Richmond",0.61
"1295",2020,"2020-07-12",6,"Sydney",0.39
"1296",2020,"2020-07-12",6,"Carlton",0.37
"1297",2020,"2020-07-12",6,"Western Bulldogs",0.63
"1298",2020,"2020-07-16",7,"Collingwood",0.51
"1299",2020,"2020-07-16",7,"Geelong",0.49
"1300",2020,"2020-07-17",7,"Western Bulldogs",0.57
"1301",2020,"2020-07-17",7,"Essendon",0.43
"1302",2020,"2020-07-18",7,"Brisbane Lions",0.55
"1303",2020,"2020-07-18",7,"Greater Western Sydney",0.45
"1304",2020,"2020-07-18",7,"Gold Coast",0.52
"1305",2020,"2020-07-18",7,"Sydney",0.48
"1306",2020,"2020-07-18",7,"Richmond",0.62
"1307",2020,"2020-07-18",7,"North Melbourne",0.38
"1308",2020,"2020-07-19",7,"Port Adelaide",0.65
"1309",2020,"2020-07-19",7,"Carlton",0.35
"1310",2020,"2020-07-19",7,"Melbourne",0.46
"1311",2020,"2020-07-19",7,"Hawthorn",0.54
"1312",2020,"2020-07-19",7,"West Coast",0.72
"1313",2020,"2020-07-19",7,"Fremantle",0.28
"1314",2020,"2020-07-20",7,"St Kilda",0.74
"1315",2020,"2020-07-20",7,"Adelaide",0.26
"1316",2020,"2020-07-23",8,"Western Bulldogs",0.58
"1317",2020,"2020-07-23",8,"Gold Coast",0.42
"1318",2020,"2020-07-24",8,"Greater Western Sydney",0.61
"1319",2020,"2020-07-24",8,"Richmond",0.39
"1320",2020,"2020-07-25",8,"Carlton",0.66
"1321",2020,"2020-07-25",8,"North Melbourne",0.34
"1322",2020,"2020-07-25",8,"Sydney",0.44
"1323",2020,"2020-07-25",8,"Hawthorn",0.56
"1324",2020,"2020-07-25",8,"St Kilda",0.29
"1325",2020,"2020-07-25",8,"Port Adelaide",0.71
"1326",2020,"2020-07-26",8,"Essendon",0.63
"1327",2020,"2020-07-26",8,"Adelaide",0.37
"1328",2020,"2020-07-26",8,"West Coast",0.53
"1329",2020,"2020-07-26",8,"Collingwood",0.47
"1330",2020,"2020-07-26",8,"Brisbane Lions",0.65
"1331",2020,"2020-07-26",8,"Melbourne",0.35
"1332",2020,"2020-07-27",8,"Geelong",0.64
"1333",2020,"2020-07-27",8,"Fremantle",0.36
"1334",2020,"2020-07-29",9,"Richmond",0.42
"1335",2020,"2020-07-29",9,"Western Bulldogs",0.58
"1336",2020,"2020-07-31",9,"Hawthorn",0.45
"1337",2020,"2020-07-31",9,"Carlton",0.55
"1338",2020,"2020-07-30",9,"Port Adelaide",0.58
"1339",2020,"2020-07-30",9,"Melbourne",0.42
"1340",2020,"2020-07-31",9,"Brisbane Lions",0.74
"1341",2020,"2020-07-31",9,"Essendon",0.26
"1342",2020,"2020-08-01",9,"North Melbourne",0.64
"1343",2020,"2020-08-01",9,"Adelaide",0.36
"1344",2020,"2020-08-01",9,"St Kilda",0.69
"1345",2020,"2020-08-01",9,"Sydney",0.31
"1346",2020,"2020-08-01",9,"West Coast",0.7
"1347",2020,"2020-08-01",9,"Geelong",0.3
"1348",2020,"2020-08-02",9,"Greater Western Sydney",0.68
"1349",2020,"2020-08-02",9,"Gold Coast",0.32
"1350",2020,"2020-08-02",9,"Fremantle",0.3
"1351",2020,"2020-08-02",9,"Collingwood",0.7
"1352",2020,"2020-08-03",10,"Port Adelaide",0.69
"1353",2020,"2020-08-03",10,"Western Bulldogs",0.31
"1354",2020,"2020-08-04",10,"Richmond",0.48
"1355",2020,"2020-08-04",10,"Brisbane Lions",0.52
"1356",2020,"2020-08-05",10,"Geelong",0.73
"1357",2020,"2020-08-05",10,"North Melbourne",0.27
"1358",2020,"2020-08-05",10,"Melbourne",0.74
"1359",2020,"2020-08-05",10,"Adelaide",0.26
"1360",2020,"2020-08-06",10,"Collingwood",0.77
"1361",2020,"2020-08-06",10,"Sydney",0.23
"1362",2020,"2020-08-06",10,"St Kilda",0.67
"1363",2020,"2020-08-06",10,"Gold Coast",0.33
"1364",2020,"2020-08-07",10,"Greater Western Sydney",0.7
"1365",2020,"2020-08-07",10,"Essendon",0.3
"1366",2020,"2020-08-08",11,"Port Adelaide",0.54
"1367",2020,"2020-08-08",11,"Richmond",0.46
"1368",2020,"2020-08-08",11,"Brisbane Lions",0.7
"1369",2020,"2020-08-08",11,"Western Bulldogs",0.3
"1370",2020,"2020-08-09",11,"West Coast",0.78
"1371",2020,"2020-08-09",11,"Carlton",0.22
"1372",2020,"2020-08-09",11,"Melbourne",0.53
"1373",2020,"2020-08-09",11,"North Melbourne",0.47
"1374",2020,"2020-08-10",11,"Geelong",0.63
"1375",2020,"2020-08-10",11,"St Kilda",0.37
"1376",2020,"2020-08-10",11,"Fremantle",0.44
"1377",2020,"2020-08-10",11,"Hawthorn",0.56
"1378",2020,"2020-08-11",11,"Collingwood",0.78
"1379",2020,"2020-08-11",11,"Adelaide",0.22
"1380",2020,"2020-08-12",11,"Gold Coast",0.43
"1381",2020,"2020-08-13",12,"Sydney",0.2
"1382",2020,"2020-08-13",12,"Greater Western Sydney",0.8
"1383",2020,"2020-08-14",12,"Geelong",0.49
"1384",2020,"2020-08-14",12,"Port Adelaide",0.51
"1385",2020,"2020-08-15",12,"Brisbane Lions",0.89
"1386",2020,"2020-08-15",12,"North Melbourne",0.11
"1387",2020,"2020-08-15",12,"Melbourne",0.4
"1388",2020,"2020-08-15",12,"Collingwood",0.6
"1389",2020,"2020-08-15",12,"Carlton",0.43
"1390",2020,"2020-08-15",12,"Fremantle",0.57
"1391",2020,"2020-08-16",12,"Western Bulldogs",0.84
"1392",2020,"2020-08-16",12,"Adelaide",0.16
"1393",2020,"2020-08-16",12,"St Kilda",0.68
"1394",2020,"2020-08-16",12,"Essendon",0.32
"1395",2020,"2020-08-16",12,"West Coast",0.8
"1396",2020,"2020-08-16",12,"Hawthorn",0.2
"1397",2020,"2020-08-17",12,"Richmond",0.8
"1398",2020,"2020-08-17",12,"Gold Coast",0.2
"1399",2020,"2020-08-21",13,"Carlton",0.64
"1400",2020,"2020-08-21",13,"Gold Coast",0.36
"1401",2020,"2020-08-22",13,"Western Bulldogs",0.55
"1402",2020,"2020-08-22",13,"Melbourne",0.45
"1403",2020,"2020-08-22",13,"Port Adelaide",0.84
"1404",2020,"2020-08-22",13,"Hawthorn",0.16
"1405",2020,"2020-08-22",13,"Richmond",0.79
"1406",2020,"2020-08-22",13,"Essendon",0.21
"1407",2020,"2020-08-22",13,"Fremantle",0.64
"1408",2020,"2020-08-22",13,"Sydney",0.36
"1409",2020,"2020-08-23",13,"Geelong",0.91
"1410",2020,"2020-08-23",13,"Adelaide",0.09
"1411",2020,"2020-08-23",13,"Brisbane Lions",0.69
"1412",2020,"2020-08-23",13,"St Kilda",0.31
"1413",2020,"2020-08-23",13,"West Coast",0.72
"1414",2020,"2020-08-23",13,"Greater Western Sydney",0.28
"1415",2020,"2020-08-24",13,"Collingwood",0.71
"1416",2020,"2020-08-24",13,"North Melbourne",0.29
"1417",2020,"2020-08-27",14,"Essendon",0.5
"1418",2020,"2020-08-27",14,"Hawthorn",0.5
"1419",2020,"2020-08-27",14,"Richmond",0.58
"1420",2020,"2020-08-27",14,"West Coast",0.42
"1421",2020,"2020-08-28",14,"Geelong",0.66
"1422",2020,"2020-08-28",14,"Western Bulldogs",0.34
"1423",2020,"2020-08-29",14,"Port Adelaide",0.87
"1424",2020,"2020-08-29",14,"Sydney",0.13
"1425",2020,"2020-08-29",14,"Greater Western Sydney",0.56
"1426",2020,"2020-08-29",14,"Fremantle",0.44
"1427",2020,"2020-08-29",14,"Melbourne",0.49
"1428",2020,"2020-08-29",14,"St Kilda",0.51
"1429",2020,"2020-08-30",14,"Collingwood",0.51
"1430",2020,"2020-08-30",14,"Carlton",0.49
"1431",2020,"2020-08-30",14,"Gold Coast",0.6
"1432",2020,"2020-08-30",14,"North Melbourne",0.4
"1433",2020,"2020-09-01",15,"Adelaide",0.32
"1434",2020,"2020-09-01",15,"Hawthorn",0.68
"1435",2020,"2020-09-01",15,"West Coast",0.69
"1436",2020,"2020-09-01",15,"Essendon",0.31
"1437",2020,"2020-09-02",15,"Richmond",0.88
"1438",2020,"2020-09-02",15,"Fremantle",0.12
"1439",2020,"2020-09-03",15,"Sydney",0.25
"1440",2020,"2020-09-03",15,"Melbourne",0.75
"1441",2020,"2020-09-03",15,"Greater Western Sydney",0.65
"1442",2020,"2020-09-03",15,"Carlton",0.35
"1443",2020,"2020-09-04",15,"Brisbane Lions",0.7
"1444",2020,"2020-09-04",15,"Collingwood",0.3
"1445",2020,"2020-09-05",16,"Port Adelaide",0.87
"1446",2020,"2020-09-05",16,"North Melbourne",0.13
"1447",2020,"2020-09-06",16,"St Kilda",0.77
"1448",2020,"2020-09-06",16,"Hawthorn",0.23
"1449",2020,"2020-09-06",16,"Geelong",0.8
"1450",2020,"2020-09-06",16,"Essendon",0.2
"1451",2020,"2020-09-06",16,"Western Bulldogs",0.56
"1452",2020,"2020-09-06",16,"West Coast",0.44
"1453",2020,"2020-09-07",16,"Fremantle",0.34
"1454",2020,"2020-09-07",16,"Melbourne",0.66
"1455",2020,"2020-09-08",16,"Adelaide",0.27
"1456",2020,"2020-09-08",16,"Greater Western Sydney",0.73
"1457",2020,"2020-09-08",16,"Carlton",0.61
"1458",2020,"2020-09-08",16,"Sydney",0.39
"1459",2020,"2020-09-09",16,"Brisbane Lions",0.75
"1460",2020,"2020-09-09",16,"Gold Coast",0.25
"1461",2020,"2020-09-10",17,"West Coast",0.43
"1462",2020,"2020-09-10",17,"St Kilda",0.57
"1463",2020,"2020-09-11",17,"Richmond",0.44
"1464",2020,"2020-09-11",17,"Geelong",0.56
"1465",2020,"2020-09-12",17,"Fremantle",0.66
"1466",2020,"2020-09-12",17,"North Melbourne",0.34
"1467",2020,"2020-09-12",17,"Port Adelaide",0.86
"1468",2020,"2020-09-12",17,"Essendon",0.14
"1469",2020,"2020-09-12",17,"Melbourne",0.43
"1470",2020,"2020-09-12",17,"Greater Western Sydney",0.57
"1471",2020,"2020-09-13",17,"Adelaide",0.27
"1472",2020,"2020-09-13",17,"Carlton",0.73
"1473",2020,"2020-09-13",17,"Western Bulldogs",0.76
"1474",2020,"2020-09-13",17,"Hawthorn",0.24
"1475",2020,"2020-09-13",17,"Brisbane Lions",0.73
"1476",2020,"2020-09-13",17,"Sydney",0.27
"1477",2020,"2020-09-14",17,"Collingwood",0.79
"1478",2020,"2020-09-14",17,"Gold Coast",0.21
"1479",2020,"2020-09-19",18,"Richmond",0.79
"1480",2020,"2020-09-19",18,"Adelaide",0.21
"1481",2020,"2020-09-19",18,"Brisbane Lions",0.8
"1482",2020,"2020-09-19",18,"Carlton",0.2
"1483",2020,"2020-09-21",18,"Port Adelaide",0.58
"1484",2020,"2020-09-21",18,"Collingwood",0.42
"1485",2020,"2020-09-19",18,"Melbourne",0.64
"1486",2020,"2020-09-19",18,"Essendon",0.36
"1487",2020,"2020-09-20",18,"Western Bulldogs",0.73
"1488",2020,"2020-09-20",18,"Fremantle",0.27
"1489",2020,"2020-09-20",18,"Hawthorn",0.47
"1490",2020,"2020-09-20",18,"Gold Coast",0.53
"1491",2020,"2020-09-17",18,"West Coast",0.88
"1492",2020,"2020-09-17",18,"North Melbourne",0.12
"1493",2020,"2020-09-18",18,"St Kilda",0.53
"1494",2020,"2020-09-18",18,"Greater Western Sydney",0.47
"1495",2020,"2020-06-11",2,"Richmond",0.55
"1496",2020,"2020-06-11",2,"Collingwood",0.45
"1497",2020,"2020-08-12",11,"Essendon",0.5
"1498",2020,"2020-08-12",11,"Gold Coast",0.5
"1499",2020,"2020-09-20",18,"Sydney",0.22
"1500",2020,"2020-09-20",18,"Geelong",0.78
