"","player_id","player_name","cluster","player_team","dob","height"
"1",11084,"Robert Murphy",3,"Western Bulldogs",1982-06-09,187
"2",11095,"Drew Petrie",2,"West Coast",1982-10-15,197
"3",11139,"Scott Thompson",5,"Adelaide",1983-03-14,185
"4",11153,"Nick Riewoldt",7,"St Kilda",1982-10-17,193
"5",11170,"Gary Ablett",4,"Gold Coast",1984-05-14,182
"6",11170,"Gary Ablett",4,"Geelong",1984-05-14,182
"7",11192,"Shaun Burgoyne",5,"Hawthorn",1982-10-21,186
"8",11199,"Luke Hodge",3,"Hawthorn",1984-06-15,185
"9",11199,"Luke Hodge",3,"Brisbane Lions",1984-06-15,185
"10",11200,"Sam Mitchell",4,"West Coast",1982-10-12,180
"11",11202,"Leigh Montagna",3,"St Kilda",1983-11-02,178
"12",11207,"Steve Johnson",7,"Greater Western Sydney",1983-07-04,189
"13",11208,"James Kelly",3,"Essendon",1983-12-29,183
"14",11249,"Daniel Wells",7,"Collingwood",1985-02-03,181
"15",11256,"Jarrad Waite",7,"North Melbourne",1983-02-04,194
"16",11260,"Aaron Sandilands",2,"Fremantle",1982-12-06,211
"17",11272,"Brendon Goddard",3,"Essendon",1985-05-20,193
"18",11280,"Matthew Boyd",3,"Western Bulldogs",1982-08-27,184
"19",11285,"Kade Simpson",3,"Carlton",1984-05-05,183
"20",11289,"Jobe Watson",4,"Essendon",1985-02-08,191
"21",11312,"Jarrad McVeigh",3,"Sydney",1985-04-07,184
"22",11317,"Brent Stanton",5,"Essendon",1986-05-01,183
"23",11327,"Andrew Mackie",3,"Geelong",1984-08-07,193
"24",11356,"Sam Butler",1,"West Coast",1986-01-14,187
"25",11371,"Michael Rischitelli",6,"Gold Coast",1986-01-08,185
"26",11383,"Eddie Betts",7,"Carlton",1986-11-26,174
"27",11383,"Eddie Betts",7,"Adelaide",1986-11-26,174
"28",11384,"Angus Monfries",6,"Port Adelaide",1987-01-19,183
"29",11385,"Lance Franklin",7,"Sydney",1987-01-30,199
"30",11388,"Brett Deledio",5,"Greater Western Sydney",1987-04-18,188
"31",11398,"Jordan Lewis",3,"Melbourne",1986-04-24,186
"32",11399,"Jarryd Roughead",7,"Hawthorn",1987-01-23,193
"33",11403,"Ryan Griffen",5,"Greater Western Sydney",1986-07-27,192
"34",11405,"Michael Johnson",1,"Fremantle",1984-10-20,195
"35",11406,"Dale Morris",1,"Western Bulldogs",1982-12-29,190
"36",11408,"Travis Cloke",7,"Western Bulldogs",1987-03-05,196
"37",11409,"David Mundy",4,"Fremantle",1985-07-20,193
"38",11431,"Tom Lonergan",1,"Geelong",1984-05-17,197
"39",11437,"Mark LeCras",7,"West Coast",1986-08-30,184
"40",11454,"Heath Shaw",3,"Greater Western Sydney",1985-11-27,183
"41",11455,"Matt Rosa",5,"Gold Coast",1986-11-23,191
"42",11458,"Danyle Pearce",5,"Fremantle",1986-04-07,178
"43",11463,"Zac Dawson",1,"Fremantle",1986-02-22,197
"44",11468,"Paddy Ryder",2,"St Kilda",1988-03-14,197
"45",11468,"Paddy Ryder",2,"Port Adelaide",1988-03-14,197
"46",11469,"Josh Gibson",1,"Hawthorn",1984-03-13,189
"47",11470,"Grant Birchall",3,"Brisbane Lions",1988-01-28,193
"48",11470,"Grant Birchall",3,"Hawthorn",1988-01-28,193
"49",11472,"Marc Murphy",4,"Carlton",1987-07-19,180
"50",11473,"Dale Thomas",3,"Carlton",1987-06-21,185
"51",11474,"Bernie Vince",3,"Melbourne",1985-10-02,186
"52",11484,"Shannon Hurn",3,"West Coast",1987-09-04,187
"53",11487,"Lynden Dunn",1,"Collingwood",1987-05-14,192
"54",11492,"Josh J. Kennedy",7,"West Coast",1987-08-25,196
"55",11497,"Andrew Swallow",4,"North Melbourne",1987-06-02,182
"56",11501,"Sam Gilbert",1,"St Kilda",1986-08-19,194
"57",11502,"Shaun Higgins",4,"North Melbourne",1988-03-04,184
"58",11505,"Matt Priddis",4,"West Coast",1985-03-21,184
"59",11506,"Scott Pendlebury",4,"Collingwood",1988-01-07,191
"60",11508,"Matt White",5,"Port Adelaide",1987-04-15,180
"61",11521,"Heath Grundy",1,"Sydney",1986-06-02,192
"62",11524,"Nathan Jones",4,"Melbourne",1988-01-20,180
"63",11537,"Richard Douglas",5,"Adelaide",1987-02-06,181
"64",11542,"Lachlan Hansen",1,"North Melbourne",1988-08-17,197
"65",11544,"Lindsay Thomas",5,"North Melbourne",1988-02-29,180
"66",11544,"Lindsay Thomas",5,"Port Adelaide",1988-02-29,180
"67",11549,"Jonathon Griffin",2,"Fremantle",1986-01-14,201
"68",11552,"Joel Selwood",4,"Geelong",1988-05-26,183
"69",11553,"Bryce Gibbs",4,"Adelaide",1989-03-15,188
"70",11553,"Bryce Gibbs",4,"Carlton",1989-03-15,188
"71",11554,"Tom Hawkins",7,"Geelong",1988-07-21,198
"72",11555,"Travis Varcoe",5,"Collingwood",1988-04-10,180
"73",11561,"Shane Edwards",4,"Richmond",1988-10-25,182
"74",11563,"Jarrod Harbrow",3,"Gold Coast",1988-07-18,178
"75",11570,"Kieren Jack",5,"Sydney",1987-06-28,178
"76",11573,"Bachar Houli",3,"Richmond",1988-05-12,180
"77",11576,"David Armitage",5,"St Kilda",1988-06-16,185
"78",11579,"Tyson Goldsack",1,"Collingwood",1987-05-22,193
"79",11582,"Jack Riewoldt",7,"Richmond",1988-10-31,193
"80",11583,"James Frawley",1,"Hawthorn",1988-09-20,193
"81",11585,"Robbie Gray",4,"Port Adelaide",1988-03-30,183
"82",11586,"Justin Westhoff",5,"Port Adelaide",1986-10-01,199
"83",11587,"Garrick Ibbotson",1,"Fremantle",1988-03-15,186
"84",11591,"Travis Boak",4,"Port Adelaide",1988-08-01,183
"85",11596,"Ben Reid",7,"Collingwood",1989-04-29,196
"86",11600,"Matthew Leuenberger",2,"Essendon",1988-06-07,202
"87",11601,"Shaun Grigg",4,"Richmond",1988-04-19,190
"88",11603,"Eric Mackenzie",1,"West Coast",1988-05-19,197
"89",11608,"Josh Hill",6,"West Coast",1989-01-19,186
"90",11610,"Will Schofield",1,"West Coast",1989-01-24,196
"91",11622,"Heath Hocking",6,"Essendon",1987-12-27,186
"92",11633,"Nathan Brown",1,"St Kilda",1988-12-17,196
"93",11634,"Jarryn Geary",3,"St Kilda",1988-06-23,183
"94",11635,"Craig Bird",5,"Essendon",1989-01-21,180
"95",11636,"David Mackay",3,"Adelaide",1988-07-25,181
"96",11637,"Kurt Tippett",2,"Sydney",1987-05-08,202
"97",11638,"Cyril Rioli",5,"Hawthorn",1989-07-14,177
"98",11642,"Scott Thompson",1,"North Melbourne",1986-05-09,193
"99",11643,"Lachie Henderson",1,"Geelong",1989-12-14,196
"100",11644,"Brad Ebert",4,"Port Adelaide",1990-04-02,189
"101",11645,"Chris Masten",3,"West Coast",1989-05-02,180
"102",11646,"Chris Mayne",5,"Collingwood",1988-11-02,188
"103",11647,"Rhys Palmer",6,"Carlton",1989-02-13,181
"104",11649,"Harry Taylor",1,"Geelong",1986-06-12,195
"105",11650,"Scott Selwood",5,"Geelong",1990-03-27,186
"106",11651,"Matthew Kreuzer",2,"Carlton",1989-05-13,200
"107",11657,"Nick Smith",1,"Sydney",1988-06-12,183
"108",11660,"Sharrod Wellingham",3,"West Coast",1988-07-07,185
"109",11661,"Shane Mumford",2,"Greater Western Sydney",1986-07-05,198
"110",11664,"Jesse White",7,"Collingwood",1988-01-09,196
"111",11670,"David Myers",5,"Essendon",1989-06-30,191
"112",11671,"Trent Cotchin",4,"Richmond",1990-04-07,185
"113",11673,"Ryan Davis",1,"Gold Coast",1989-06-07,188
"114",11677,"Josh P. Kennedy",4,"Sydney",1988-06-20,189
"115",11679,"Dennis Armfield",6,"Carlton",1986-12-22,182
"116",11681,"Tom Bellchambers",2,"Essendon",1989-07-09,202
"117",11683,"Callan Ward",4,"Greater Western Sydney",1990-04-10,187
"118",11684,"Andy Otten",1,"Adelaide",1989-05-15,192
"119",11688,"Ben McEvoy",2,"Hawthorn",1989-07-11,200
"120",11690,"Stefan Martin",2,"Brisbane Lions",1986-11-17,199
"121",11692,"Todd Goldstein",2,"North Melbourne",1988-07-01,201
"122",11706,"Patrick Dangerfield",4,"Geelong",1990-04-05,189
"123",11708,"Cale Hooker",1,"Essendon",1988-10-13,198
"124",11710,"Pearce Hanley",3,"Gold Coast",1988-11-15,185
"125",11711,"Sam J. Reid",6,"Greater Western Sydney",1989-11-07,188
"126",11715,"Jeff Garlett",7,"Melbourne",1989-08-03,180
"127",11716,"Sam Jacobs",2,"Adelaide",1988-04-10,200
"128",11716,"Sam Jacobs",2,"Greater Western Sydney",1988-04-10,200
"129",11718,"Mitch Robinson",4,"Brisbane Lions",1989-06-07,184
"130",11719,"Ryan Schoenmakers",7,"Hawthorn",1990-11-08,195
"131",11720,"Matthew Suckling",3,"Western Bulldogs",1988-07-25,187
"132",11721,"Brendan Whitecross",5,"Hawthorn",1990-01-25,183
"133",11724,"Taylor Walker",7,"Adelaide",1990-04-25,193
"134",11725,"Daniel Rich",3,"Brisbane Lions",1990-06-07,183
"135",11727,"Kyle Cheney",1,"Adelaide",1989-08-25,186
"136",11728,"Neville Jetta",1,"Melbourne",1990-02-12,180
"137",11729,"Jake Spencer",2,"Melbourne",1989-10-09,203
"138",11730,"Jack Ziebell",5,"North Melbourne",1991-02-28,188
"139",11731,"Michael Hurley",3,"Essendon",1990-06-01,192
"140",11732,"Stephen Hill",5,"Fremantle",1990-05-01,183
"141",11733,"Nick Suban",5,"Fremantle",1990-05-09,182
"142",11734,"Dayne Beams",4,"Brisbane Lions",1990-02-12,187
"143",11734,"Dayne Beams",4,"Collingwood",1990-02-12,187
"144",11737,"Alex Rance",1,"Richmond",1989-10-09,194
"145",11740,"David Zaharakis",4,"Essendon",1990-02-21,180
"146",11741,"Liam Picken",5,"Western Bulldogs",1986-08-01,184
"147",11746,"Hamish Hartlett",3,"Port Adelaide",1990-08-14,185
"148",11750,"Levi Greenwood",5,"Collingwood",1989-02-19,181
"149",11751,"Jarrad Grant",6,"Gold Coast",1989-07-06,193
"150",11753,"Matt de Boer",5,"Greater Western Sydney",1990-03-10,189
"151",11759,"Steele Sidebottom",4,"Collingwood",1991-01-02,184
"152",11761,"Sam Wright",3,"North Melbourne",1990-07-15,188
"153",11766,"Liam Shiels",4,"Hawthorn",1991-04-29,183
"154",11770,"Michael Walters",4,"Fremantle",1991-01-07,178
"155",11771,"Jack Watts",5,"Melbourne",1991-03-26,196
"156",11771,"Jack Watts",5,"Port Adelaide",1991-03-26,196
"157",11772,"Ty Vickery",6,"Hawthorn",1990-05-31,200
"158",11773,"Nic Naitanui",2,"West Coast",1990-05-04,201
"159",11776,"Hayden Ballantyne",6,"Fremantle",1987-07-16,173
"160",11777,"Zac Clarke",2,"Essendon",1990-03-28,203
"161",11781,"Shaun McKernan",7,"Essendon",1990-09-01,196
"162",11782,"Jack Redden",4,"West Coast",1990-12-09,190
"163",11784,"Jeremy Laidler",1,"Sydney",1989-08-05,190
"164",11787,"Dan Hannebery",4,"St Kilda",1991-02-24,181
"165",11787,"Dan Hannebery",4,"Sydney",1991-02-24,181
"166",11788,"Matthew Broadbent",3,"Port Adelaide",1990-08-01,189
"167",11792,"Tom Rockliff",4,"Port Adelaide",1990-02-22,185
"168",11792,"Tom Rockliff",4,"Brisbane Lions",1990-02-22,185
"169",11794,"Easton Wood",1,"Western Bulldogs",1989-09-04,187
"170",11795,"Jack Steven",4,"St Kilda",1990-03-28,180
"171",11795,"Jack Steven",4,"Geelong",1990-03-28,180
"172",11798,"Shane Savage",3,"St Kilda",1991-01-05,187
"173",11799,"Rory Sloane",4,"Adelaide",1990-03-17,182
"174",11801,"Dustin Martin",4,"Richmond",1991-06-26,187
"175",11804,"Mitch Duncan",4,"Geelong",1991-06-10,188
"176",11805,"Ben Howlett",5,"Essendon",1988-10-21,180
"177",11806,"Tom Scully",5,"Hawthorn",1991-05-15,181
"178",11806,"Tom Scully",5,"Greater Western Sydney",1991-05-15,181
"179",11808,"Jack Trengove",1,"Melbourne",1991-09-02,186
"180",11808,"Jack Trengove",1,"Port Adelaide",1991-09-02,186
"181",11811,"Lewis Jetta",3,"West Coast",1989-05-04,182
"182",11813,"Luke Shuey",4,"West Coast",1990-06-02,183
"183",11817,"Jackson Trengove",1,"Port Adelaide",1990-11-02,197
"184",11817,"Jackson Trengove",1,"Western Bulldogs",1990-11-02,197
"185",11818,"Ryan Bastinac",5,"Brisbane Lions",1991-06-22,184
"186",11819,"Michael Barlow",4,"Gold Coast",1987-12-18,189
"187",11821,"Alex Silvagni",1,"Carlton",1987-09-29,192
"188",11825,"Steven Motlop",5,"Port Adelaide",1991-03-12,183
"189",11825,"Steven Motlop",5,"Geelong",1991-03-12,183
"190",11827,"Travis Colyer",5,"Fremantle",1991-08-24,175
"191",11827,"Travis Colyer",5,"Essendon",1991-08-24,175
"192",11828,"Jake Melksham",7,"Melbourne",1991-08-29,186
"193",11829,"Ben Stratton",1,"Hawthorn",1989-03-01,189
"194",11831,"Dawson Simpson",2,"Greater Western Sydney",1989-02-17,210
"195",11833,"Phil Davis",1,"Greater Western Sydney",1990-08-30,197
"196",11834,"Simon White",1,"Carlton",1988-06-17,190
"197",11835,"David Astbury",1,"Richmond",1991-02-26,195
"198",11836,"Matt Dea",1,"Essendon",1991-10-13,186
"199",11839,"Jordan Roughead",1,"Collingwood",1990-11-03,200
"200",11839,"Jordan Roughead",1,"Western Bulldogs",1990-11-03,200
"201",11840,"Ricky Henderson",3,"Hawthorn",1988-09-11,188
"202",11842,"Matthew Lobbe",2,"Carlton",1989-02-12,200
"203",11843,"Ben Cunnington",4,"North Melbourne",1991-06-30,185
"204",11844,"Nat Fyfe",4,"Fremantle",1991-09-18,192
"205",11846,"Dylan Roberton",1,"St Kilda",1991-06-21,194
"206",11848,"Brad Sheppard",3,"West Coast",1991-05-23,187
"207",11849,"Gary Rohan",7,"Geelong",1991-06-07,189
"208",11849,"Gary Rohan",7,"Sydney",1991-06-07,189
"209",11854,"Jack Gunston",7,"Hawthorn",1991-10-16,193
"210",11855,"Rhys Stanley",2,"Geelong",1990-12-01,200
"211",11857,"Ben Griffiths",7,"Richmond",1991-09-17,200
"212",11858,"Taylor Hunt",6,"Richmond",1990-11-05,184
"213",11859,"Koby Stevens",5,"St Kilda",1991-06-18,189
"214",11862,"Jarryd Blair",5,"Collingwood",1990-04-14,174
"215",11866,"Robbie Tarrant",1,"North Melbourne",1989-04-25,196
"216",11867,"Ryan Harwood",6,"Brisbane Lions",1991-08-07,184
"217",11868,"Jamie Macmillan",3,"North Melbourne",1991-09-23,188
"218",11872,"Tom Lynch",7,"Adelaide",1990-09-15,193
"219",11874,"Liam Jones",1,"Carlton",1991-02-24,199
"220",11878,"Jake Carlisle",1,"St Kilda",1991-10-01,200
"221",11879,"Stewart Crameri",5,"Western Bulldogs",1988-08-10,190
"222",11879,"Stewart Crameri",5,"Geelong",1988-08-10,190
"223",11882,"Daniel Menzel",7,"Geelong",1991-09-13,190
"224",11882,"Daniel Menzel",7,"Sydney",1991-09-13,190
"225",11886,"Sam Reid",7,"Sydney",1991-12-27,196
"226",11887,"Dylan Grimes",1,"Richmond",1991-07-16,193
"227",11889,"Ed Curnow",4,"Carlton",1989-11-07,180
"228",11891,"Jake Batchelor",6,"Richmond",1992-02-13,188
"229",11892,"Reece Conca",3,"Fremantle",1992-08-12,181
"230",11892,"Reece Conca",3,"Richmond",1992-08-12,181
"231",11894,"Cameron Guthrie",5,"Geelong",1992-08-19,187
"232",11896,"Cameron OShea",1,"Carlton",1992-03-13,193
"233",11897,"Jasper Pittard",3,"Port Adelaide",1991-04-01,186
"234",11897,"Jasper Pittard",3,"North Melbourne",1991-04-01,186
"235",11898,"Brodie Smith",3,"Adelaide",1992-01-14,189
"236",11899,"Claye Beams",6,"Brisbane Lions",1991-09-01,183
"237",11900,"Rohan Bewick",5,"Brisbane Lions",1989-10-10,185
"238",11901,"Ryan Lester",1,"Brisbane Lions",1992-08-26,192
"239",11903,"Dyson Heppell",4,"Essendon",1992-05-14,189
"240",11904,"Tom Liberatore",5,"Western Bulldogs",1992-05-16,183
"241",11908,"Jack Darling",7,"West Coast",1992-06-13,191
"242",11909,"Andrew Gaff",4,"West Coast",1992-06-16,183
"243",11910,"Shaun Atley",5,"North Melbourne",1992-09-13,189
"244",11911,"Cameron Pedersen",7,"Melbourne",1987-03-17,193
"245",11914,"Harley Bennell",6,"Fremantle",1992-10-02,185
"246",11914,"Harley Bennell",6,"Melbourne",1992-10-02,185
"247",11915,"Charlie Dixon",7,"Port Adelaide",1990-09-23,200
"248",11919,"Brandon Matera",7,"Gold Coast",1992-03-11,175
"249",11919,"Brandon Matera",7,"Fremantle",1992-03-11,175
"250",11920,"Trent McKenzie",1,"Port Adelaide",1992-04-03,191
"251",11920,"Trent McKenzie",1,"Gold Coast",1992-04-03,191
"252",11921,"Dion Prestia",4,"Richmond",1992-10-12,175
"253",11922,"Zac Smith",2,"Geelong",1990-02-22,206
"254",11923,"David Swallow",4,"Gold Coast",1992-11-19,185
"255",11927,"Allen Christensen",5,"Brisbane Lions",1991-05-19,176
"256",11931,"Maverick Weller",5,"St Kilda",1992-02-13,182
"257",11931,"Maverick Weller",5,"Richmond",1992-02-13,182
"258",11932,"Alex Johnson",1,"Sydney",1992-03-02,194
"259",11933,"Jared Polec",4,"North Melbourne",1992-10-12,187
"260",11933,"Jared Polec",4,"Port Adelaide",1992-10-12,187
"261",11936,"Matthew Wright",7,"Carlton",1989-12-14,178
"262",11938,"Matt Shaw",6,"Gold Coast",1992-02-05,188
"263",11938,"Matt Shaw",6,"Carlton",1992-02-05,188
"264",11940,"Mitch Wallis",5,"Western Bulldogs",1992-10-24,186
"265",11942,"Jamie Cripps",5,"West Coast",1992-04-23,183
"266",11944,"Michael Hibberd",3,"Melbourne",1990-01-03,186
"267",11945,"Steven May",1,"Melbourne",1992-01-10,193
"268",11945,"Steven May",1,"Gold Coast",1992-01-10,193
"269",11947,"Paul Puopolo",5,"Hawthorn",1987-12-02,173
"270",11948,"Isaac Smith",3,"Hawthorn",1988-12-30,188
"271",11952,"Sam Day",7,"Gold Coast",1992-09-06,197
"272",11953,"Tom J. Lynch",7,"Richmond",1992-10-31,199
"273",11953,"Tom J. Lynch",7,"Gold Coast",1992-10-31,199
"274",11958,"Luke Parker",4,"Sydney",1992-10-25,183
"275",11959,"Ben Jacobs",4,"North Melbourne",1992-01-09,185
"276",11960,"Luke Breust",7,"Hawthorn",1990-11-11,184
"277",11961,"Nathan Vardy",2,"West Coast",1991-06-25,200
"278",11964,"Tendai Mzungu",6,"Greater Western Sydney",1986-02-28,183
"279",11965,"Josh Green",7,"Essendon",1992-08-24,178
"280",11969,"Josh Cowan",6,"Geelong",1991-03-16,184
"281",11972,"Max Gawn",2,"Melbourne",1991-12-30,208
"282",11973,"Jeremy Howe",3,"Collingwood",1990-06-29,190
"283",11979,"Zach Tuohy",3,"Geelong",1989-12-10,187
"284",11980,"Luke Dahlhaus",5,"Geelong",1992-08-21,179
"285",11980,"Luke Dahlhaus",5,"Western Bulldogs",1992-08-21,179
"286",11983,"Alex Fasolo",6,"Collingwood",1992-06-08,181
"287",11983,"Alex Fasolo",6,"Carlton",1992-06-08,181
"288",11991,"Mitch Brown",7,"Melbourne",1990-08-28,196
"289",11991,"Mitch Brown",7,"Essendon",1990-08-28,196
"290",11995,"Daniel Talia",1,"Adelaide",1991-10-02,197
"291",11997,"Rory Thompson",1,"Gold Coast",1991-03-12,200
"292",11998,"Lachlan Keeffe",1,"Greater Western Sydney",1990-04-14,204
"293",12000,"Scott Lycett",2,"Port Adelaide",1992-09-26,203
"294",12000,"Scott Lycett",2,"West Coast",1992-09-26,203
"295",12007,"Tom Jonas",1,"Port Adelaide",1991-01-09,188
"296",12009,"Tom Hickey",2,"St Kilda",1991-03-06,201
"297",12009,"Tom Hickey",2,"West Coast",1991-03-06,201
"298",12012,"Aaron Mullett",3,"North Melbourne",1992-02-23,184
"299",12012,"Aaron Mullett",3,"Carlton",1992-02-23,184
"300",12015,"Tom McDonald",7,"Melbourne",1992-09-18,194
"301",12016,"Josh Caddy",5,"Richmond",1992-09-28,186
"302",12019,"Jack Fitzpatrick",2,"Hawthorn",1991-06-26,200
"303",12020,"Aaron Black",5,"Geelong",1990-11-29,192
"304",12021,"Tomas Bugg",7,"Melbourne",1993-04-05,184
"305",12022,"Jeremy Cameron",7,"Greater Western Sydney",1993-04-01,196
"306",12023,"Stephen Coniglio",4,"Greater Western Sydney",1993-12-15,182
"307",12025,"Jonathan Giles",2,"West Coast",1988-01-08,201
"308",12026,"Toby Greene",7,"Greater Western Sydney",1993-09-25,182
"309",12027,"Curtly Hampton",5,"Adelaide",1993-03-10,185
"310",12028,"Jack Hombsch",1,"Gold Coast",1993-03-07,194
"311",12028,"Jack Hombsch",1,"Port Adelaide",1993-03-07,194
"312",12029,"Will Hoskin-Elliott",7,"Collingwood",1993-09-02,186
"313",12030,"Adam Kennedy",3,"Greater Western Sydney",1992-07-12,182
"314",12031,"Tim Mohr",1,"Greater Western Sydney",1988-10-19,196
"315",12032,"Dylan Shiel",4,"Essendon",1993-03-09,182
"316",12032,"Dylan Shiel",4,"Greater Western Sydney",1993-03-09,182
"317",12033,"Devon Smith",4,"Essendon",1993-05-20,174
"318",12033,"Devon Smith",4,"Greater Western Sydney",1993-05-20,174
"319",12034,"Adam Tomlinson",3,"Melbourne",1993-08-10,194
"320",12034,"Adam Tomlinson",3,"Greater Western Sydney",1993-08-10,194
"321",12035,"Jacob Townsend",7,"Richmond",1993-06-20,187
"322",12035,"Jacob Townsend",7,"Essendon",1993-06-20,187
"323",12036,"Dom Tyson",4,"North Melbourne",1993-06-08,186
"324",12036,"Dom Tyson",4,"Melbourne",1993-06-08,186
"325",12037,"Nathan Wilson",3,"Fremantle",1993-01-07,185
"326",12037,"Nathan Wilson",3,"Greater Western Sydney",1993-01-07,185
"327",12038,"Harry Cunningham",3,"Sydney",1993-12-06,181
"328",12039,"Brandon Ellis",3,"Gold Coast",1993-08-03,181
"329",12039,"Brandon Ellis",3,"Richmond",1993-08-03,181
"330",12040,"Steven Morris",6,"Richmond",1988-12-31,185
"331",12043,"Paul Seedsman",3,"Adelaide",1992-01-22,190
"332",12047,"Aaron Hall",3,"North Melbourne",1990-11-09,185
"333",12047,"Aaron Hall",3,"Gold Coast",1990-11-09,185
"334",12048,"Billie Smedts",6,"Carlton",1992-06-08,190
"335",12050,"Tory Dickson",6,"Western Bulldogs",1987-09-26,184
"336",12051,"Clay Smith",6,"Western Bulldogs",1993-05-11,182
"337",12053,"Chad Wingard",4,"Hawthorn",1993-07-29,183
"338",12053,"Chad Wingard",4,"Port Adelaide",1993-07-29,183
"339",12056,"Jack Newnes",5,"Carlton",1993-02-24,186
"340",12056,"Jack Newnes",5,"St Kilda",1993-02-24,186
"341",12057,"Billy Longer",2,"St Kilda",1993-05-12,202
"342",12058,"Adam Treloar",4,"Collingwood",1993-03-09,182
"343",12059,"Sam Kerridge",3,"Carlton",1993-04-26,187
"344",12060,"George Horlin-Smith",5,"Geelong",1992-12-22,188
"345",12060,"George Horlin-Smith",5,"Gold Coast",1992-12-22,188
"346",12061,"Lachie Neale",4,"Brisbane Lions",1993-05-24,177
"347",12061,"Lachie Neale",4,"Fremantle",1993-05-24,177
"348",12065,"Anthony Miles",4,"Richmond",1992-02-28,180
"349",12065,"Anthony Miles",4,"Gold Coast",1992-02-28,180
"350",12066,"Bradley Hill",3,"St Kilda",1993-07-09,179
"351",12066,"Bradley Hill",3,"Fremantle",1993-07-09,179
"352",12067,"Jack Crisp",3,"Collingwood",1993-10-02,190
"353",12070,"Taylor Adams",4,"Collingwood",1993-09-20,181
"354",12071,"Josh Bruce",7,"Western Bulldogs",1992-06-08,197
"355",12071,"Josh Bruce",7,"St Kilda",1992-06-08,197
"356",12073,"Jarryd Lyons",4,"Brisbane Lions",1992-07-22,184
"357",12073,"Jarryd Lyons",4,"Gold Coast",1992-07-22,184
"358",12074,"Aaron Young",5,"Port Adelaide",1992-12-06,189
"359",12074,"Aaron Young",5,"Gold Coast",1992-12-06,189
"360",12075,"Lee Spurr",1,"Fremantle",1987-07-27,182
"361",12078,"Liam Sumner",6,"Carlton",1993-08-16,178
"362",12080,"Josh Jenkins",7,"Geelong",1989-02-08,200
"363",12080,"Josh Jenkins",7,"Adelaide",1989-02-08,200
"364",12081,"Andrew Phillips",2,"Essendon",1991-07-03,201
"365",12081,"Andrew Phillips",2,"Carlton",1991-07-03,201
"366",12082,"Dayne Zorko",4,"Brisbane Lions",1989-02-09,175
"367",12086,"Alex Sexton",7,"Gold Coast",1993-12-03,186
"368",12087,"Matt Buntine",1,"Greater Western Sydney",1993-10-19,189
"369",12091,"Jamie Elliott",7,"Collingwood",1992-08-21,178
"370",12092,"Marley Williams",1,"North Melbourne",1993-07-22,181
"371",12093,"Elliot Yeo",4,"West Coast",1993-10-01,190
"372",12094,"Lincoln McCarthy",7,"Brisbane Lions",1993-10-22,176
"373",12094,"Lincoln McCarthy",7,"Geelong",1993-10-22,176
"374",12096,"Nick Haynes",3,"Greater Western Sydney",1992-05-18,193
"375",12097,"Hayden Crozier",3,"Western Bulldogs",1993-12-24,185
"376",12097,"Hayden Crozier",3,"Fremantle",1993-12-24,185
"377",12099,"Jonathon Patton",7,"Hawthorn",1993-05-20,198
"378",12099,"Jonathon Patton",7,"Greater Western Sydney",1993-05-20,198
"379",12102,"Sam Gibson",3,"North Melbourne",1986-05-27,185
"380",12102,"Sam Gibson",3,"Adelaide",1986-05-27,185
"381",12103,"Tom Campbell",2,"North Melbourne",1991-11-02,201
"382",12103,"Tom Campbell",2,"Western Bulldogs",1991-11-02,201
"383",12105,"Todd Elton",6,"Richmond",1993-04-29,197
"384",12107,"Jordan Murdoch",5,"Gold Coast",1992-03-23,190
"385",12107,"Jordan Murdoch",5,"Geelong",1992-03-23,190
"386",12111,"Cam Sutcliffe",6,"Fremantle",1992-05-23,186
"387",12111,"Cam Sutcliffe",6,"Port Adelaide",1992-05-23,186
"388",12113,"Mark Baguley",5,"Essendon",1987-05-21,178
"389",12116,"Josh Walker",1,"North Melbourne",1992-11-12,197
"390",12116,"Josh Walker",1,"Brisbane Lions",1992-11-12,197
"391",12119,"Luke Brown",1,"Adelaide",1992-09-22,181
"392",12120,"Tom Bell",5,"Brisbane Lions",1991-06-13,188
"393",12121,"Levi Casboult",7,"Carlton",1990-03-15,201
"394",12124,"Sam Frost",1,"Hawthorn",1993-08-28,194
"395",12124,"Sam Frost",1,"Melbourne",1993-08-28,194
"396",12128,"Jason Johannisen",3,"Western Bulldogs",1992-11-08,180
"397",12133,"Lin Jong",5,"Western Bulldogs",1993-06-04,188
"398",12134,"Fletcher Roberts",1,"Western Bulldogs",1993-06-03,196
"399",12138,"Sebastian Ross",4,"St Kilda",1993-05-07,188
"400",12140,"Jackson Merrett",6,"Essendon",1993-02-27,184
"401",12141,"Tommy Sheridan",6,"Fremantle",1993-10-28,187
"402",12141,"Tommy Sheridan",6,"Greater Western Sydney",1993-10-28,187
"403",12146,"Lachie Plowman",1,"Carlton",1994-09-11,193
"404",12147,"Lachie Whitfield",4,"Greater Western Sydney",1994-07-18,187
"405",12148,"Dane Rampe",1,"Sydney",1990-06-02,187
"406",12149,"Jaeger O'Meara",4,"Hawthorn",1994-02-23,183
"407",12151,"Jimmy Toumpas",3,"Port Adelaide",1994-01-02,183
"408",12152,"Jack Viney",4,"Melbourne",1994-04-13,178
"409",12154,"Jake Neade",5,"Port Adelaide",1994-05-29,171
"410",12155,"Ollie Wines",4,"Port Adelaide",1994-10-07,187
"411",12157,"Jack Frost",6,"Brisbane Lions",1992-02-25,195
"412",12158,"Josh Thomas",5,"Collingwood",1991-10-01,178
"413",12159,"Jed Anderson",4,"North Melbourne",1994-02-02,179
"414",12160,"Mark Blicavs",1,"Geelong",1991-03-28,198
"415",12161,"Brad Crouch",4,"Adelaide",1994-01-14,186
"416",12163,"Sam Rowe",1,"Carlton",1987-11-19,199
"417",12163,"Sam Rowe",1,"St Kilda",1987-11-19,199
"418",12164,"Callum Sinclair",2,"Sydney",1989-09-23,200
"419",12166,"Nathan Wright",6,"St Kilda",1994-02-16,185
"420",12167,"Dylan Buckley",6,"Carlton",1993-03-16,179
"421",12167,"Dylan Buckley",6,"Greater Western Sydney",1993-03-16,179
"422",12168,"Sam Mayes",3,"Port Adelaide",1994-05-20,187
"423",12168,"Sam Mayes",3,"Brisbane Lions",1994-05-20,187
"424",12169,"Taylor Duryea",3,"Western Bulldogs",1991-04-24,179
"425",12169,"Taylor Duryea",3,"Hawthorn",1991-04-24,179
"426",12171,"Rory Laird",3,"Adelaide",1993-12-29,177
"427",12172,"Jack Macrae",4,"Western Bulldogs",1994-08-03,191
"428",12173,"Jake Stringer",7,"Essendon",1994-04-25,192
"429",12173,"Jake Stringer",7,"Western Bulldogs",1994-04-25,192
"430",12174,"Majak Daw",2,"North Melbourne",1991-03-11,195
"431",12175,"Sam Docherty",3,"Carlton",1993-10-17,187
"432",12176,"Marco Paparone",3,"Brisbane Lions",1994-09-03,195
"433",12180,"Nick Vlastuin",3,"Richmond",1994-04-19,187
"434",12181,"Zac Williams",3,"Greater Western Sydney",1994-09-20,185
"435",12184,"Jarrod Witts",2,"Gold Coast",1992-09-13,209
"436",12185,"Aidan Corr",1,"Greater Western Sydney",1994-05-17,195
"437",12187,"Jesse Lonergan",5,"Gold Coast",1994-11-14,184
"438",12188,"Jed Lamb",5,"Carlton",1992-10-19,181
"439",12190,"Dean Kent",7,"St Kilda",1994-02-24,180
"440",12190,"Dean Kent",7,"Melbourne",1994-02-24,180
"441",12191,"Jackson Thurlow",3,"Geelong",1994-03-28,190
"442",12191,"Jackson Thurlow",3,"Sydney",1994-03-28,190
"443",12193,"Mark Hutchings",5,"West Coast",1991-05-25,182
"444",12194,"Jimmy Webster",3,"St Kilda",1993-06-28,188
"445",12195,"Troy Menzel",6,"Adelaide",1994-09-22,187
"446",12197,"Nathan Hrovat",5,"North Melbourne",1994-06-07,175
"447",12201,"Tom Mitchell",4,"Hawthorn",1993-05-31,182
"448",12205,"Joe Daniher",7,"Essendon",1994-03-04,200
"449",12206,"Brandon Jack",6,"Sydney",1994-05-25,182
"450",12208,"Adam Oxley",1,"Collingwood",1992-11-01,193
"451",12210,"Lachie Hunter",4,"Western Bulldogs",1994-12-13,183
"452",12211,"Matt Taberner",7,"Fremantle",1993-06-17,198
"453",12216,"Jonathon Ceglar",2,"Hawthorn",1991-02-14,204
"454",12218,"Jonathan ORourke",5,"Hawthorn",1994-04-21,184
"455",12220,"Will Langford",5,"Hawthorn",1992-07-03,187
"456",12223,"Brodie Grundy",2,"Collingwood",1994-04-15,203
"457",12224,"Kyle Hartigan",1,"Adelaide",1991-11-07,194
"458",12225,"Darren Minchington",5,"St Kilda",1993-12-09,179
"459",12225,"Darren Minchington",5,"Hawthorn",1993-12-09,179
"460",12227,"Taylor Garner",5,"North Melbourne",1994-01-08,187
"461",12230,"Nick Graham",5,"Carlton",1994-06-12,182
"462",12235,"Shane Biggs",3,"Western Bulldogs",1991-08-05,187
"463",12239,"James Stewart",7,"Essendon",1994-03-04,199
"464",12240,"Tom Langdon",3,"Collingwood",1994-06-09,190
"465",12242,"Sean Lemmens",6,"Gold Coast",1994-11-02,184
"466",12243,"Jack Martin",5,"Carlton",1995-01-29,186
"467",12243,"Jack Martin",5,"Gold Coast",1995-01-29,186
"468",12244,"Tom Clurey",1,"Port Adelaide",1994-03-23,193
"469",12245,"Jarman Impey",5,"Hawthorn",1995-07-09,178
"470",12245,"Jarman Impey",5,"Port Adelaide",1995-07-09,178
"471",12246,"Luke McDonald",3,"North Melbourne",1995-02-09,189
"472",12247,"Patrick Ambrose",1,"Essendon",1991-09-01,191
"473",12248,"Martin Gleeson",1,"Essendon",1994-08-25,191
"474",12249,"Zach Merrett",4,"Essendon",1995-10-03,180
"475",12250,"Tim O'Brien",7,"Hawthorn",1994-03-28,193
"476",12252,"James Aish",3,"Fremantle",1995-11-08,183
"477",12252,"James Aish",3,"Collingwood",1995-11-08,183
"478",12253,"Michael Close",7,"Brisbane Lions",1994-07-30,197
"479",12254,"Lewis Taylor",5,"Sydney",1995-02-17,175
"480",12254,"Lewis Taylor",5,"Brisbane Lions",1995-02-17,175
"481",12255,"Jack Billings",4,"St Kilda",1995-08-18,184
"482",12256,"Luke Dunstan",4,"St Kilda",1995-01-29,185
"483",12259,"Jay Kennedy Harris",5,"Melbourne",1995-03-21,173
"484",12260,"Dom Sheed",4,"West Coast",1995-04-10,185
"485",12262,"Josh Kelly",4,"Greater Western Sydney",1995-02-12,184
"486",12263,"Kade Kolodjashnij",1,"Gold Coast",1995-08-09,190
"487",12263,"Kade Kolodjashnij",1,"Melbourne",1995-08-09,190
"488",12264,"Daniel Currie",2,"Gold Coast",1989-02-15,201
"489",12265,"Matt Crouch",4,"Adelaide",1995-04-21,182
"490",12268,"Sam Lloyd",7,"Richmond",1990-03-03,180
"491",12268,"Sam Lloyd",7,"Western Bulldogs",1990-03-03,180
"492",12269,"Patrick Cripps",4,"Carlton",1995-03-18,195
"493",12270,"Sam Gray",5,"Sydney",1992-02-01,176
"494",12270,"Sam Gray",5,"Port Adelaide",1992-02-01,176
"495",12271,"Tom Cutler",3,"Essendon",1995-02-20,192
"496",12271,"Tom Cutler",3,"Brisbane Lions",1995-02-20,192
"497",12272,"Nick Robertson",1,"Brisbane Lions",1995-06-03,191
"498",12274,"Darcy Gardiner",1,"Brisbane Lions",1995-09-22,193
"499",12275,"Jake Lloyd",3,"Sydney",1993-09-20,181
"500",12276,"Tom Boyd",2,"Western Bulldogs",1995-08-22,200
"501",12277,"Marcus Bontempelli",4,"Western Bulldogs",1995-11-24,193
"502",12278,"Mitch Hallahan",5,"Gold Coast",1992-08-23,182
"503",12279,"Jeremy McGovern",1,"West Coast",1992-04-15,196
"504",12280,"Christian Salem",3,"Melbourne",1995-07-15,183
"505",12281,"Billy Hartung",5,"Hawthorn",1995-01-24,177
"506",12281,"Billy Hartung",5,"North Melbourne",1995-01-24,177
"507",12282,"Blake Acres",5,"Fremantle",1995-10-07,191
"508",12282,"Blake Acres",5,"St Kilda",1995-10-07,191
"509",12284,"Charlie Cameron",7,"Brisbane Lions",1994-07-05,181
"510",12284,"Charlie Cameron",7,"Adelaide",1994-07-05,181
"511",12285,"Ben Lennon",6,"Richmond",1995-07-05,188
"512",12286,"Jed Bews",1,"Geelong",1993-12-14,186
"513",12289,"Rory Lobb",2,"Fremantle",1993-02-09,206
"514",12289,"Rory Lobb",2,"Greater Western Sydney",1993-02-09,206
"515",12290,"Cameron Ellis-Yolmen",4,"Brisbane Lions",1993-01-28,190
"516",12290,"Cameron Ellis-Yolmen",4,"Adelaide",1993-01-28,190
"517",12292,"Darcy Lang",6,"Geelong",1995-11-21,183
"518",12292,"Darcy Lang",6,"Carlton",1995-11-21,183
"519",12293,"Tim Broomhead",6,"Collingwood",1994-03-22,182
"520",12294,"Zak Jones",4,"St Kilda",1995-03-15,181
"521",12294,"Zak Jones",4,"Sydney",1995-03-15,181
"522",12295,"Shane Kersten",1,"Fremantle",1993-03-15,191
"523",12296,"Ben Brown",7,"North Melbourne",1992-11-20,200
"524",12297,"Daniel McStay",7,"Brisbane Lions",1995-06-24,195
"525",12299,"Mitch Honeychurch",5,"Western Bulldogs",1995-03-02,175
"526",12300,"Dom Barry",5,"Port Adelaide",1994-03-07,179
"527",12302,"Michael Apeness",2,"Fremantle",1995-01-28,200
"528",12303,"Jack Redpath",7,"Western Bulldogs",1990-12-13,194
"529",12304,"Dean Towers",5,"Sydney",1990-05-04,189
"530",12307,"Tim Membrey",7,"St Kilda",1994-05-26,190
"531",12308,"Orazio Fantasia",7,"Essendon",1995-09-14,178
"532",12309,"Kayne Turner",5,"North Melbourne",1995-12-31,180
"533",12310,"Ciaran Sheehan",1,"Carlton",1990-11-19,189
"534",12314,"Nick Holman",5,"Gold Coast",1995-05-29,189
"535",12315,"Jack Leslie",1,"Gold Coast",1995-04-27,198
"536",12316,"Jackson Ramsay",1,"Collingwood",1994-11-20,184
"537",12319,"Sam Naismith",2,"Sydney",1992-07-16,206
"538",12321,"Mason Wood",7,"North Melbourne",1993-09-13,192
"539",12322,"Cam McCarthy",7,"Fremantle",1995-04-01,192
"540",12324,"Kamdyn McIntosh",5,"Richmond",1994-04-03,191
"541",12325,"Angus Brayshaw",4,"Melbourne",1996-01-09,187
"542",12326,"Jesse Hogan",7,"Melbourne",1995-02-12,195
"543",12326,"Jesse Hogan",7,"Fremantle",1995-02-12,195
"544",12327,"Aaron vandenBerg",5,"Melbourne",1992-03-03,188
"545",12328,"Jarrod Garlett",6,"Carlton",1996-05-03,180
"546",12329,"Touk Miller",4,"Gold Coast",1996-02-22,178
"547",12330,"Adam Saad",3,"Gold Coast",1994-07-23,178
"548",12330,"Adam Saad",3,"Essendon",1994-07-23,178
"549",12331,"Isaac Heeney",4,"Sydney",1996-05-05,186
"550",12333,"Jordan De Goey",7,"Collingwood",1996-03-15,188
"551",12335,"Jackson Nelson",1,"West Coast",1996-03-15,187
"552",12336,"Jack Lonie",7,"St Kilda",1996-08-13,175
"553",12337,"Jack Sinclair",5,"St Kilda",1995-02-12,181
"554",12338,"Nakia Cockatoo",6,"Geelong",1996-10-23,186
"555",12339,"Cory Gregson",6,"Geelong",1996-09-04,175
"556",12340,"Liam Duggan",3,"West Coast",1996-12-11,184
"557",12341,"Kane Lambert",4,"Richmond",1991-11-26,178
"558",12342,"James Sicily",3,"Hawthorn",1995-01-06,186
"559",12343,"Paddy McCartin",7,"St Kilda",1996-04-19,194
"560",12344,"Ciaran Byrne",1,"Carlton",1994-12-06,187
"561",12345,"Jake Kelly",1,"Adelaide",1995-01-21,190
"562",12346,"Brendon Ah Chee",5,"West Coast",1993-12-21,189
"563",12346,"Brendon Ah Chee",5,"Port Adelaide",1993-12-21,189
"564",12347,"Harris Andrews",1,"Brisbane Lions",1996-12-11,201
"565",12348,"Lukas Webb",6,"Western Bulldogs",1996-03-04,187
"566",12350,"Blaine Boekhorst",5,"Carlton",1993-09-02,187
"567",12352,"Fraser McInnes",6,"West Coast",1993-07-19,198
"568",12353,"Trent Dumont",4,"North Melbourne",1995-06-30,186
"569",12354,"Corey Ellis",6,"Richmond",1996-10-09,184
"570",12354,"Corey Ellis",6,"Gold Coast",1996-10-09,184
"571",12356,"Henry Schade",1,"Collingwood",1993-10-08,197
"572",12357,"Daniel McKenzie",1,"St Kilda",1996-05-17,185
"573",12358,"Kyle Langford",5,"Essendon",1996-12-01,191
"574",12359,"Jake Lever",1,"Melbourne",1996-03-05,195
"575",12359,"Jake Lever",1,"Adelaide",1996-03-05,195
"576",12360,"Billy Stretch",5,"Melbourne",1996-09-08,180
"577",12361,"Alex Pearce",1,"Fremantle",1995-06-09,201
"578",12362,"Bailey Dale",7,"Western Bulldogs",1996-07-22,183
"579",12364,"Connor Menadue",5,"Richmond",1996-09-19,187
"580",12365,"Karl Amon",5,"Port Adelaide",1995-08-19,181
"581",12366,"Liam Dawson",1,"Brisbane Lions",1996-01-23,189
"582",12367,"Dan Robinson",6,"Sydney",1994-07-03,184
"583",12368,"Daniel Howe",5,"Hawthorn",1995-12-04,191
"584",12369,"Keegan Brooksby",2,"Hawthorn",1990-04-27,197
"585",12369,"Keegan Brooksby",2,"Gold Coast",1990-04-27,197
"586",12370,"Joel Hamling",1,"Fremantle",1993-04-09,194
"587",12371,"Peter Wright",7,"Gold Coast",1996-09-08,203
"588",12373,"Toby McLean",5,"Western Bulldogs",1996-01-31,180
"589",12375,"Alex Neal-Bullen",5,"Melbourne",1996-01-09,182
"590",12376,"Caleb Marchbank",1,"Carlton",1996-12-07,193
"591",12377,"Jack Steele",4,"St Kilda",1995-12-13,187
"592",12378,"Jake Kolodjashnij",1,"Geelong",1995-08-09,193
"593",12379,"Toby Nankervis",2,"Richmond",1994-08-12,199
"594",12380,"Brayden Maynard",3,"Collingwood",1996-09-20,189
"595",12381,"Darcy Moore",1,"Collingwood",1996-01-25,203
"596",12382,"Caleb Daniel",3,"Western Bulldogs",1996-07-07,168
"597",12384,"Jayden Laverde",7,"Essendon",1996-04-12,191
"598",12385,"James Harmes",5,"Melbourne",1995-10-05,185
"599",12387,"Riley Knight",5,"Adelaide",1995-03-27,181
"600",12389,"Rory Atkins",3,"Adelaide",1994-07-12,186
"601",12390,"Hugh Goddard",6,"St Kilda",1996-08-24,198
"602",12390,"Hugh Goddard",6,"Carlton",1996-08-24,198
"603",12391,"Tom Barrass",1,"West Coast",1995-10-08,196
"604",12392,"Matthew Scharenberg",1,"Collingwood",1995-09-18,191
"605",12393,"Lachie Weller",3,"Gold Coast",1996-02-23,181
"606",12393,"Lachie Weller",3,"Fremantle",1996-02-23,181
"607",12394,"Jonathon Marsh",6,"St Kilda",1995-10-17,194
"608",12396,"James Rose",6,"Sydney",1996-04-16,186
"609",12398,"Roarke Smith",6,"Western Bulldogs",1996-09-11,181
"610",12399,"Zaine Cordy",1,"Western Bulldogs",1996-10-27,193
"611",12400,"Conor McKenna",3,"Essendon",1996-03-28,184
"612",12401,"Ed Langdon",3,"Melbourne",1996-02-01,182
"613",12401,"Ed Langdon",3,"Fremantle",1996-02-01,182
"614",12402,"Oscar McDonald",1,"Melbourne",1996-03-18,196
"615",12404,"Connor Blakely",3,"Fremantle",1996-03-02,188
"616",12405,"Brady Grey",6,"Fremantle",1995-07-20,182
"617",12406,"Ethan Hughes",1,"Fremantle",1994-12-07,188
"618",12407,"Mitch White",6,"Melbourne",1996-04-10,188
"619",12408,"Jake Barrett",5,"Brisbane Lions",1995-11-08,183
"620",12409,"Daniel Rioli",5,"Richmond",1997-04-16,179
"621",12410,"Jacob Weitering",1,"Carlton",1997-11-23,196
"622",12411,"Clayton Oliver",4,"Melbourne",1997-07-22,187
"623",12412,"Callum Ah Chee",5,"Brisbane Lions",1997-10-09,182
"624",12412,"Callum Ah Chee",5,"Gold Coast",1997-10-09,182
"625",12413,"Anthony McDonald-Tipungwuti",7,"Essendon",1993-04-22,171
"626",12414,"Darcy Parish",4,"Essendon",1997-07-25,181
"627",12415,"Mitch McGovern",7,"Carlton",1994-10-11,191
"628",12415,"Mitch McGovern",7,"Adelaide",1994-10-11,191
"629",12416,"Wayne Milera",3,"Adelaide",1997-09-14,184
"630",12417,"George Hewett",5,"Sydney",1995-12-29,187
"631",12418,"Callum Mills",3,"Sydney",1997-04-02,189
"632",12419,"Tom Papley",7,"Sydney",1996-07-13,178
"633",12420,"Marcus Adams",1,"Brisbane Lions",1993-06-30,192
"634",12420,"Marcus Adams",1,"Western Bulldogs",1993-06-30,192
"635",12421,"Josh Dunkley",4,"Western Bulldogs",1997-01-09,190
"636",12422,"Jade Gresham",4,"St Kilda",1997-08-24,179
"637",12423,"Josh Schache",7,"Western Bulldogs",1997-08-21,199
"638",12423,"Josh Schache",7,"Brisbane Lions",1997-08-21,199
"639",12424,"Marc Pittonet",2,"Carlton",1996-06-03,202
"640",12424,"Marc Pittonet",2,"Hawthorn",1996-06-03,202
"641",12425,"Jayden Short",3,"Richmond",1996-01-24,178
"642",12426,"Dougal Howard",1,"St Kilda",1996-03-25,199
"643",12426,"Dougal Howard",1,"Port Adelaide",1996-03-25,199
"644",12427,"Michael Hartley",1,"Hawthorn",1993-06-07,198
"645",12427,"Michael Hartley",1,"Essendon",1993-06-07,198
"646",12428,"Charlie Curnow",7,"Carlton",1997-02-03,192
"647",12429,"Darcy Byrne-Jones",3,"Port Adelaide",1995-09-20,181
"648",12431,"Josh Wagner",1,"Melbourne",1994-06-24,189
"649",12432,"Tom Ruggles",1,"Geelong",1992-04-25,186
"650",12433,"Jayden Hunt",5,"Melbourne",1995-04-03,187
"651",12434,"Darcy Tucker",5,"Fremantle",1997-01-23,184
"652",12435,"Mason Cox",7,"Collingwood",1991-03-14,211
"653",12436,"Josh Smith",5,"Collingwood",1994-01-02,180
"654",12436,"Josh Smith",5,"West Coast",1994-01-02,180
"655",12437,"Christian Petracca",4,"Melbourne",1996-01-04,186
"656",12439,"Mackenzie Willis",6,"Gold Coast",1995-08-07,182
"657",12440,"Jason Castagna",7,"Richmond",1996-07-12,181
"658",12441,"Ben Keays",5,"Adelaide",1997-02-23,185
"659",12441,"Ben Keays",5,"Brisbane Lions",1997-02-23,185
"660",12442,"Aliir Aliir",1,"Sydney",1994-09-05,195
"661",12443,"Kaiden Brand",1,"Sydney",1994-04-08,198
"662",12443,"Kaiden Brand",1,"Hawthorn",1994-04-08,198
"663",12444,"Ben Crocker",6,"Collingwood",1997-02-19,188
"664",12444,"Ben Crocker",6,"Adelaide",1997-02-19,188
"665",12445,"Mason Redman",3,"Essendon",1997-08-26,187
"666",12446,"Darcy MacPherson",5,"Gold Coast",1997-10-29,174
"667",12447,"Jacob Hopper",4,"Greater Western Sydney",1997-02-06,187
"668",12449,"Bailey Williams",3,"Western Bulldogs",1997-10-10,187
"669",12450,"Rhys Mathieson",5,"Brisbane Lions",1997-01-10,188
"670",12452,"Harrison Marsh",1,"Sydney",1994-01-13,189
"671",12453,"Sam Collins",1,"Gold Coast",1994-06-15,194
"672",12453,"Sam Collins",1,"Fremantle",1994-06-15,194
"673",12454,"Tom Cole",1,"West Coast",1997-05-28,186
"674",12455,"Kade Stewart",6,"Hawthorn",1997-01-16,180
"675",12456,"Jarrad Jansen",6,"Brisbane Lions",1995-05-02,192
"676",12457,"Jesse Joyce",1,"Gold Coast",1997-08-17,191
"677",12458,"Logan Austin",1,"Port Adelaide",1995-07-08,196
"678",12458,"Logan Austin",1,"St Kilda",1995-07-08,196
"679",12459,"Lewis Pierce",2,"St Kilda",1994-11-16,203
"680",12460,"Tom Phillips",3,"Collingwood",1996-05-07,187
"681",12461,"Corey Wagner",6,"North Melbourne",1997-03-23,181
"682",12461,"Corey Wagner",6,"Melbourne",1997-03-23,181
"683",12462,"Eric Hipwood",7,"Brisbane Lions",1997-09-13,204
"684",12463,"Matthew Kennedy",5,"Greater Western Sydney",1997-04-06,190
"685",12463,"Matthew Kennedy",5,"Carlton",1997-04-06,190
"686",12464,"Nathan Broad",1,"Richmond",1993-04-15,192
"687",12465,"Matthew Hammelmann",6,"Brisbane Lions",1996-03-08,198
"688",12466,"Jack Silvagni",6,"Carlton",1997-12-17,194
"689",12468,"Oleg Markov",6,"Richmond",1996-05-08,188
"690",12469,"Ryan Clarke",5,"Sydney",1997-06-17,186
"691",12469,"Ryan Clarke",5,"North Melbourne",1997-06-17,186
"692",12470,"Harry Himmelberg",7,"Greater Western Sydney",1996-05-08,194
"693",12471,"Jordan Foote",6,"Sydney",1996-01-02,184
"694",12472,"Josh Schoenfeld",6,"Gold Coast",1997-07-03,186
"695",12474,"Sam Menegola",4,"Geelong",1992-03-07,189
"696",12475,"Aaron Francis",1,"Essendon",1997-08-10,192
"697",12477,"Blake Hardwick",1,"Hawthorn",1997-02-05,181
"698",12478,"Rupert Wills",5,"Collingwood",1993-05-20,192
"699",12479,"Malcolm Karpany",6,"West Coast",1995-06-01,177
"700",12480,"Archie Smith",2,"Brisbane Lions",1995-07-19,203
"701",12481,"Sam Weideman",7,"Melbourne",1997-06-26,195
"702",12482,"Kurt Heatherley",1,"Hawthorn",1995-01-01,193
"703",12483,"Reilly O'Brien",2,"Adelaide",1995-08-20,202
"704",12484,"David Cuningham",5,"Carlton",1997-03-30,185
"705",12485,"Ryan Burton",3,"Port Adelaide",1997-01-31,191
"706",12485,"Ryan Burton",3,"Hawthorn",1997-01-31,191
"707",12487,"Jake Long",5,"Essendon",1996-02-03,185
"708",12488,"Callum Moore",6,"Richmond",1996-09-03,193
"709",12488,"Callum Moore",6,"Carlton",1996-09-03,193
"710",12489,"Brayden Fiorini",3,"Gold Coast",1997-08-22,186
"711",12491,"Mabior Chol",6,"Richmond",1997-01-29,200
"712",12492,"Riley Bonner",3,"Port Adelaide",1997-03-07,190
"713",12493,"Will Snelling",5,"Essendon",1997-08-06,175
"714",12494,"Brandon White",1,"St Kilda",1997-01-13,188
"715",12495,"Harrison Macreadie",1,"Carlton",1998-04-11,198
"716",12496,"Sam Petrevski-Seton",5,"Carlton",1998-02-19,182
"717",12497,"Jarrod Pickett",6,"Carlton",1996-08-18,178
"718",12498,"Dan Butler",5,"St Kilda",1996-06-03,182
"719",12498,"Dan Butler",5,"Richmond",1996-06-03,182
"720",12499,"Mitch Hannan",6,"Melbourne",1994-03-09,189
"721",12500,"Joel Smith",1,"Melbourne",1996-02-25,191
"722",12501,"Oliver Florent",5,"Sydney",1998-07-22,185
"723",12502,"Brett Eddy",7,"Port Adelaide",1989-08-26,193
"724",12503,"Dan Houston",3,"Port Adelaide",1997-05-12,186
"725",12504,"Sam Powell-Pepper",5,"Port Adelaide",1998-01-08,187
"726",12505,"Andrew McGrath",3,"Essendon",1998-06-02,178
"727",12506,"Ben Ainsworth",5,"Gold Coast",1998-02-10,178
"728",12507,"Jack Bowes",3,"Gold Coast",1998-01-26,187
"729",12508,"Mitchell Hibberd",6,"North Melbourne",1996-09-23,192
"730",12508,"Mitchell Hibberd",6,"Essendon",1996-09-23,192
"731",12509,"Declan Mountford",5,"North Melbourne",1997-02-13,181
"732",12510,"Braydon Preuss",2,"North Melbourne",1995-06-16,206
"733",12510,"Braydon Preuss",2,"Melbourne",1995-06-16,206
"734",12511,"Jy Simpkin",5,"North Melbourne",1998-03-05,182
"735",12512,"Tim Taranto",4,"Greater Western Sydney",1998-01-28,187
"736",12513,"Brandan Parfitt",5,"Geelong",1998-04-27,180
"737",12514,"Tom Stewart",3,"Geelong",1993-03-15,190
"738",12515,"Robbie Fox",6,"Sydney",1993-04-16,186
"739",12516,"Will Hayward",7,"Sydney",1998-10-26,187
"740",12517,"Nic Newman",3,"Carlton",1993-01-15,187
"741",12517,"Nic Newman",3,"Sydney",1993-01-15,187
"742",12518,"Teia Miles",6,"Hawthorn",1996-11-02,180
"743",12519,"Jordan Dawson",5,"Sydney",1997-04-09,192
"744",12520,"Sam Durdin",1,"North Melbourne",1996-06-06,198
"745",12521,"James Parsons",5,"Geelong",1997-04-12,190
"746",12522,"Tim Smith",7,"Melbourne",1991-02-20,192
"747",12523,"Harley Balic",5,"Fremantle",1997-01-05,187
"748",12524,"Griffin Logue",1,"Fremantle",1998-04-13,193
"749",12525,"Jarrod Berry",5,"Brisbane Lions",1998-02-05,193
"750",12526,"Hugh McCluggage",4,"Brisbane Lions",1998-03-03,187
"751",12527,"Tom Williamson",1,"Carlton",1998-12-12,190
"752",12528,"Zac Fisher",5,"Carlton",1998-06-15,177
"753",12529,"Ben Long",6,"St Kilda",1997-08-21,184
"754",12530,"Cedric Cox",6,"Brisbane Lions",1997-08-19,183
"755",12531,"Aidyn Johnson",6,"Port Adelaide",1997-10-31,185
"756",12532,"Cameron Polson",6,"Carlton",1998-03-11,177
"757",12533,"Lewis Melican",1,"Sydney",1996-11-04,195
"758",12534,"Ed Vickers-Willis",1,"North Melbourne",1996-03-28,190
"759",12535,"Ben McNiece",1,"Essendon",1992-03-22,178
"760",12536,"Kurt Mutimer",6,"West Coast",1997-03-11,185
"761",12537,"Ivan Soldo",2,"Richmond",1996-04-14,204
"762",12538,"Brad Scheer",6,"Gold Coast",1998-08-31,184
"763",12539,"Daniel Lloyd",5,"Greater Western Sydney",1992-02-18,187
"764",12540,"Mark O'Connor",1,"Geelong",1997-01-17,191
"765",12541,"Harry Perryman",3,"Greater Western Sydney",1998-12-19,184
"766",12542,"Shai Bolton",5,"Richmond",1998-12-08,175
"767",12543,"Jordan Gallucci",5,"Adelaide",1998-05-04,182
"768",12544,"Hugh Greenwood",4,"Gold Coast",1992-03-06,191
"769",12544,"Hugh Greenwood",4,"Adelaide",1992-03-06,191
"770",12545,"Jordan Cunico",5,"Geelong",1996-05-07,185
"771",12546,"James Cousins",5,"Hawthorn",1998-03-19,185
"772",12547,"Dallas Willsmore",6,"Hawthorn",1995-05-29,191
"773",12548,"Tim English",2,"Western Bulldogs",1997-08-10,205
"774",12549,"Will Brodie",5,"Gold Coast",1998-08-23,189
"775",12550,"Luke Ryan",3,"Fremantle",1996-02-06,187
"776",12551,"Jonathon Beech",6,"Adelaide",1990-11-09,188
"777",12552,"Brennan Cox",7,"Fremantle",1998-08-13,195
"778",12553,"Callum L. Brown",5,"Collingwood",1998-04-27,178
"779",12554,"Alex Witherden",3,"Brisbane Lions",1998-09-10,188
"780",12555,"Sean Darcy",2,"Fremantle",1998-06-12,202
"781",12556,"Josh Deluca",6,"Fremantle",1996-05-11,179
"782",12556,"Josh Deluca",6,"Carlton",1996-05-11,179
"783",12557,"Jeremy Finlayson",6,"Greater Western Sydney",1996-02-09,196
"784",12558,"Wylie Buzza",7,"Geelong",1996-03-02,199
"785",12559,"Zach Guthrie",1,"Geelong",1998-06-30,187
"786",12560,"Sam Simpson",6,"Geelong",1998-06-14,180
"787",12561,"Tyson Stengle",6,"Adelaide",1998-10-19,172
"788",12561,"Tyson Stengle",6,"Richmond",1998-10-19,172
"789",12562,"Dan Nielson",1,"North Melbourne",1996-05-09,194
"790",12563,"Ryan Nyhuis",1,"Fremantle",1996-09-06,190
"791",12564,"Joe Atley",5,"Port Adelaide",1998-08-04,186
"792",12565,"Josh Battle",6,"St Kilda",1998-09-01,193
"793",12566,"Cameron Zurhaar",7,"North Melbourne",1998-05-22,189
"794",12567,"Lewis Young",1,"Western Bulldogs",1998-12-20,197
"795",12568,"Alex Keath",1,"Western Bulldogs",1992-01-20,197
"796",12568,"Alex Keath",1,"Adelaide",1992-01-20,197
"797",12569,"Nick Larkey",6,"North Melbourne",1998-06-06,198
"798",12570,"Josh Williams",6,"North Melbourne",1998-06-12,190
"799",12571,"Jack Scrimshaw",1,"Hawthorn",1998-09-04,193
"800",12571,"Jack Scrimshaw",1,"Gold Coast",1998-09-04,193
"801",12572,"Rowan Marshall",2,"St Kilda",1995-11-24,201
"802",12573,"Conor Glass",1,"Hawthorn",1997-09-28,189
"803",12574,"Will Setterfield",5,"Carlton",1998-02-05,192
"804",12574,"Will Setterfield",5,"Greater Western Sydney",1998-02-05,192
"805",12575,"Harry McKay",7,"Carlton",1997-12-24,204
"806",12576,"Max Spencer",1,"Gold Coast",1997-10-04,190
"807",12577,"Luke Partington",6,"West Coast",1997-03-05,181
"808",12578,"Jacob Allison",5,"Brisbane Lions",1998-04-16,195
"809",12579,"Sam Skinner",6,"Brisbane Lions",1997-06-29,198
"810",12580,"Corey Maynard",5,"Melbourne",1991-10-07,185
"811",12581,"Todd Marshall",7,"Port Adelaide",1998-10-08,198
"812",12582,"Josh Daicos",5,"Collingwood",1998-11-26,178
"813",12583,"Josh Begley",6,"Essendon",1998-07-03,188
"814",12584,"Jack Graham",5,"Richmond",1998-02-25,181
"815",12585,"Harry Morrison",5,"Hawthorn",1998-11-12,180
"816",12586,"Patrick Lipinski",5,"Western Bulldogs",1998-07-17,187
"817",12587,"Kayle Kirby",6,"Collingwood",1998-10-26,182
"818",12588,"Ben McKay",1,"North Melbourne",1997-12-24,201
"819",12589,"Paddy Dow",5,"Carlton",1999-10-16,187
"820",12590,"Tom Doedee",1,"Adelaide",1997-03-01,188
"821",12591,"Darcy Fogarty",7,"Adelaide",1999-09-25,193
"822",12592,"Lachlan Murphy",6,"Adelaide",1998-12-04,176
"823",12593,"Hunter Clark",3,"St Kilda",1999-03-26,187
"824",12594,"Cam Rayner",5,"Brisbane Lions",1999-10-21,187
"825",12595,"Bailey Banfield",5,"Fremantle",1998-02-26,190
"826",12596,"Andrew Brayshaw",5,"Fremantle",1999-11-08,184
"827",12597,"Sam Murray",3,"Collingwood",1997-09-02,189
"828",12598,"Jaidyn Stephenson",7,"Collingwood",1999-01-15,188
"829",12599,"Luke Davies-Uniacke",5,"North Melbourne",1999-06-08,188
"830",12600,"Zac Langdon",6,"Greater Western Sydney",1995-11-13,177
"831",12601,"Billy Gowers",7,"Western Bulldogs",1996-06-10,187
"832",12602,"Aaron Naughton",7,"Western Bulldogs",1999-11-30,195
"833",12603,"Bayley Fritsch",7,"Melbourne",1996-12-06,188
"834",12604,"Lachie Fogarty",5,"Geelong",1999-04-01,180
"835",12605,"Tim Kelly",4,"West Coast",1994-07-26,182
"836",12605,"Tim Kelly",4,"Geelong",1994-07-26,182
"837",12606,"Esava Ratugolea",7,"Geelong",1998-07-24,197
"838",12607,"Liam Ryan",7,"West Coast",1996-10-02,179
"839",12608,"Daniel Venables",6,"West Coast",1998-11-19,187
"840",12609,"Jake Waterman",7,"West Coast",1998-05-06,191
"841",12610,"Adam Cerra",5,"Fremantle",1999-10-07,188
"842",12611,"Mitchell Crowden",6,"Fremantle",1999-04-28,176
"843",12612,"Ed Richards",5,"Western Bulldogs",1999-07-03,185
"844",12613,"Willie Rioli",5,"West Coast",1995-06-04,175
"845",12614,"Jack Henry",1,"Geelong",1998-08-29,191
"846",12615,"Nick Coffield",1,"St Kilda",1999-10-23,191
"847",12616,"Jack Higgins",5,"Richmond",1999-03-19,177
"848",12617,"Zac Bailey",5,"Brisbane Lions",1999-09-23,182
"849",12618,"Lochie O'Brien",6,"Carlton",1999-09-18,185
"850",12619,"Matt Guelfi",5,"Essendon",1997-08-14,184
"851",12620,"David Mirra",3,"Hawthorn",1991-03-20,186
"852",12621,"Myles Poholke",6,"Adelaide",1998-07-10,186
"853",12622,"Taylin Duman",1,"Fremantle",1998-04-18,193
"854",12623,"Ben Ronke",5,"Sydney",1997-12-18,183
"855",12624,"Nick Shipley",6,"Greater Western Sydney",1999-06-25,188
"856",12625,"Oscar McInerney",2,"Brisbane Lions",1994-07-10,205
"857",12626,"James Worpel",4,"Hawthorn",1999-01-24,185
"858",12627,"Kobe Mutch",6,"Essendon",1998-03-18,187
"859",12628,"Charlie Spargo",6,"Melbourne",1999-11-25,173
"860",12629,"Flynn Appleby",6,"Collingwood",1999-01-21,187
"861",12630,"Jack Petruccelle",6,"West Coast",1999-04-12,185
"862",12631,"Charlie Ballard",1,"Gold Coast",1999-07-23,195
"863",12632,"Brayden Crossley",6,"Gold Coast",1999-08-16,198
"864",12633,"Matt Eagles",6,"Brisbane Lions",1990-02-09,200
"865",12634,"Tom McCartin",7,"Sydney",1999-12-30,193
"866",12635,"Isaac Cumming",1,"Greater Western Sydney",1998-08-11,184
"867",12636,"Brayden Ainsworth",6,"West Coast",1998-11-21,184
"868",12637,"Ed Phillips",5,"St Kilda",1998-03-29,187
"869",12638,"Jacob Heron",6,"Gold Coast",1999-12-10,180
"870",12639,"Dylan Clarke",6,"Essendon",1998-09-06,187
"871",12640,"Jordan Ridley",1,"Essendon",1998-10-20,192
"872",12641,"Bailey Rice",1,"St Kilda",1997-02-10,184
"873",12642,"Pat Kerr",7,"Carlton",1998-07-31,197
"874",12643,"Mitchell Lewis",7,"Hawthorn",1998-10-14,198
"875",12644,"Ryley Stoddart",6,"Sydney",1999-10-15,186
"876",12645,"Jamaine Jones",6,"West Coast",1998-09-29,180
"877",12645,"Jamaine Jones",6,"Geelong",1998-09-29,180
"878",12646,"Paul Ahern",5,"North Melbourne",1996-08-01,183
"879",12647,"Tom Murphy",6,"North Melbourne",1998-01-19,189
"880",12648,"Brody Mihocek",7,"Collingwood",1993-02-04,192
"881",12649,"Stefan Giro",5,"Fremantle",1999-03-10,175
"882",12650,"Scott Jones",2,"Fremantle",1995-05-20,203
"883",12651,"Sam Taylor",1,"Greater Western Sydney",1999-05-05,196
"884",12652,"Jarrod Brander",6,"West Coast",1999-02-11,195
"885",12653,"Patrick Wilson",5,"Adelaide",1994-12-11,188
"886",12654,"Ryan Garthwaite",1,"Richmond",1998-06-30,192
"887",12655,"Jacob Dawson",5,"Gold Coast",1999-11-03,182
"888",12656,"Brad Lynch",5,"Western Bulldogs",1997-07-11,187
"889",12657,"Quinton Narkle",5,"Geelong",1997-12-03,181
"890",12658,"Wil Powell",6,"Gold Coast",1999-08-26,185
"891",12659,"Brayden Sier",5,"Collingwood",1997-12-12,191
"892",12660,"Harrison Petty",1,"Melbourne",1999-11-12,197
"893",12661,"Darragh Joyce",1,"St Kilda",1997-04-23,195
"894",12662,"Oscar Allen",7,"West Coast",1999-03-19,192
"895",12663,"Brent Daniels",5,"Greater Western Sydney",1999-03-09,170
"896",12664,"Alex Morgan",1,"North Melbourne",1996-01-28,182
"897",12665,"Colin O'Riordan",1,"Sydney",1995-10-12,187
"898",12666,"Darcy Cameron",6,"Collingwood",1995-07-18,205
"899",12666,"Darcy Cameron",6,"Sydney",1995-07-18,205
"900",12667,"Jarrod Lienert",3,"Port Adelaide",1994-08-05,195
"901",12668,"Liam Baker",5,"Richmond",1998-01-27,173
"902",12669,"Will Walker",5,"North Melbourne",1999-03-30,186
"903",12670,"Fergus Greene",7,"Western Bulldogs",1997-12-20,187
"904",12671,"Kane Farrell",6,"Port Adelaide",1999-03-17,182
"905",12672,"Ryan Abbott",2,"Geelong",1991-06-25,200
"906",12672,"Ryan Abbott",2,"St Kilda",1991-06-25,200
"907",12673,"Brandon Starcevich",6,"Brisbane Lions",1999-07-24,188
"908",12674,"Jack Madgen",1,"Collingwood",1993-04-25,192
"909",12675,"Nathan Freeman",5,"St Kilda",1995-06-16,183
"910",12676,"Aiden Bonar",6,"North Melbourne",1999-03-08,188
"911",12676,"Aiden Bonar",6,"Greater Western Sydney",1999-03-08,188
"912",12677,"Ben Paton",1,"St Kilda",1998-10-19,187
"913",12678,"Conor Nash",6,"Hawthorn",1998-07-28,197
"914",12679,"Sam Switkowski",5,"Fremantle",1996-11-20,179
"915",12680,"Nathan Murphy",1,"Collingwood",1999-12-15,190
"916",12681,"Tom De Koning",6,"Carlton",1999-07-16,203
"917",12682,"Billy Frampton",7,"Adelaide",1996-11-20,200
"918",12682,"Billy Frampton",7,"Port Adelaide",1996-11-20,200
"919",12683,"Elliott Himmelberg",7,"Adelaide",1998-06-04,198
"920",12684,"Michael Gibbons",5,"Carlton",1995-05-15,175
"921",12685,"Sam Walsh",4,"Carlton",2000-07-02,184
"922",12686,"Noah Balta",1,"Richmond",1999-10-23,194
"923",12687,"Tom Atkins",5,"Geelong",1995-09-18,180
"924",12688,"Jordan Clark",5,"Geelong",2000-10-16,185
"925",12689,"Charlie Constable",5,"Geelong",1999-05-18,191
"926",12690,"Gryan Miers",5,"Geelong",1999-03-30,178
"927",12691,"Marty Hore",1,"Melbourne",1996-03-05,190
"928",12692,"Tom Sparrow",5,"Melbourne",2000-05-31,183
"929",12693,"Zak Butters",5,"Port Adelaide",2000-09-08,181
"930",12694,"Willem Drew",5,"Port Adelaide",1998-10-01,188
"931",12695,"Xavier Duursma",5,"Port Adelaide",2000-07-07,186
"932",12696,"Connor Rozee",5,"Port Adelaide",2000-01-22,185
"933",12697,"Chayce Jones",6,"Adelaide",2000-01-14,180
"934",12698,"Bailey Smith",4,"Western Bulldogs",2000-12-07,185
"935",12699,"Nick Blakey",5,"Sydney",2000-02-27,195
"936",12700,"Matthew Parker",6,"St Kilda",1996-01-25,190
"937",12701,"Callum Wilkie",1,"St Kilda",1996-03-10,191
"938",12702,"Chris Burgess",1,"Gold Coast",1995-11-26,191
"939",12703,"Jack Lukosius",3,"Gold Coast",2000-08-09,195
"940",12704,"Lachie Schultz",6,"Fremantle",1997-11-30,178
"941",12705,"Bailey Scott",5,"North Melbourne",2000-07-09,186
"942",12706,"Jay Lockhart",6,"Melbourne",1996-02-03,177
"943",12707,"Tarryn Thomas",6,"North Melbourne",2000-03-25,189
"944",12708,"Sydney Stack",5,"Richmond",2000-04-28,179
"945",12709,"Josh Rotham",1,"West Coast",1998-02-25,193
"946",12710,"Dylan Moore",5,"Hawthorn",1999-08-04,176
"947",12711,"Justin McInerney",6,"Sydney",2000-08-18,187
"948",12712,"Jack Ross",5,"Richmond",2000-09-03,187
"949",12713,"Brayden Ham",6,"Essendon",1999-04-25,181
"950",12714,"Jackson Hately",5,"Greater Western Sydney",2000-10-21,190
"951",12715,"James Rowbottom",5,"Sydney",2000-09-19,186
"952",12716,"Will Hayes",5,"Western Bulldogs",1995-06-05,181
"953",12717,"Lachie Young",6,"Western Bulldogs",1999-04-06,189
"954",12718,"Josh Corbett",7,"Gold Coast",1996-04-23,190
"955",12719,"Noah Answerth",1,"Brisbane Lions",1999-08-06,182
"956",12720,"Declan Keilty",6,"Melbourne",1995-05-08,194
"957",12721,"Liam Stocker",5,"Carlton",2000-01-23,184
"958",12722,"Curtis Taylor",6,"North Melbourne",2000-04-06,187
"959",12723,"Oskar Baker",5,"Melbourne",1998-05-25,184
"960",12724,"Robbie Young",6,"St Kilda",1995-03-02,179
"961",12725,"Mitchell Hinge",5,"Brisbane Lions",1998-06-26,190
"962",12726,"Darcy Fort",2,"Geelong",1993-08-06,204
"963",12727,"Joel Garner",1,"Port Adelaide",1999-05-21,184
"964",12728,"Ben King",7,"Gold Coast",2000-07-07,202
"965",12729,"Peter Ladhams",2,"Port Adelaide",1998-01-14,202
"966",12730,"Callum Coleman-Jones",6,"Richmond",1999-06-13,200
"967",12731,"Brett Bewley",5,"Fremantle",1995-04-14,185
"968",12732,"Ryan Gardner",6,"Western Bulldogs",1997-06-01,197
"969",12733,"Patrick Naish",5,"Richmond",1999-01-15,182
"970",12734,"Nick Hind",5,"St Kilda",1994-08-19,180
"971",12735,"Jake Stein",1,"Greater Western Sydney",1994-01-17,195
"972",12736,"Jarrod Cameron",6,"West Coast",2000-05-03,182
"973",12737,"Ben Davis",6,"Adelaide",1997-05-19,187
"974",12738,"Oliver Hanrahan",6,"Hawthorn",1998-08-27,181
"975",12739,"Kyron Hayden",6,"North Melbourne",1999-06-07,186
"976",12740,"Isaac Quaynor",1,"Collingwood",2000-01-15,180
"977",12741,"Derek Eggmolesse-Smith",3,"Richmond",1998-05-04,180
"978",12742,"Kyle Dunkley",6,"Melbourne",2000-06-20,185
"979",12743,"John Noble",3,"Collingwood",1997-03-25,180
"980",12744,"Ian Hill",6,"Greater Western Sydney",2000-02-09,175
"981",12745,"Hayden McLean",6,"Sydney",1999-01-20,197
"982",12746,"Francis Watson",1,"West Coast",1995-09-29,187
"983",12747,"Doulton Langlands",5,"St Kilda",1999-07-29,187
"984",12748,"Rhylee West",5,"Western Bulldogs",2000-07-12,181
"985",12749,"Connor Idun",1,"Greater Western Sydney",2000-07-29,191
"986",12750,"Jason Carter",6,"Fremantle",2000-01-11,185
"987",12751,"Angus Schumacher",1,"Carlton",1999-03-16,190
"988",12752,"Jye Caldwell",5,"Greater Western Sydney",2000-09-28,183
"989",12753,"Changkuoth Jiath",1,"Hawthorn",1999-06-13,185
"990",12754,"James Bell",6,"Sydney",1999-02-10,183
"991",12755,"Caleb Graham",1,"Gold Coast",2000-09-12,195
"992",12756,"Kade Chandler",6,"Melbourne",2000-01-13,174
"993",12757,"Brandon Zerk-Thatcher",1,"Essendon",1998-08-25,195
"994",12758,"Zach Sproule",6,"Greater Western Sydney",1998-05-12,197
"995",12759,"Tom Jok",5,"Essendon",1997-01-01,193
"996",12760,"Hugh Dixon",6,"Fremantle",1999-02-26,196
"997",12761,"Marlion Pickett",5,"Richmond",1992-01-06,184
"998",12762,"Ben Cavarra",6,"Western Bulldogs",1995-12-20,173
"999",12763,"Tyler Brown",5,"Collingwood",1999-12-09,188
"1000",12764,"Sam Sturt",6,"Fremantle",2000-05-12,189
"1001",12765,"Fischer McAsey",6,"Adelaide",2001-03-08,197
"1002",12766,"Tom Green",4,"Greater Western Sydney",2001-01-23,188
"1003",12767,"Noah Anderson",5,"Gold Coast",2001-02-17,188
"1004",12768,"Connor Budarick",1,"Gold Coast",2001-04-06,175
"1005",12769,"Matthew Rowell",4,"Gold Coast",2001-07-01,178
"1006",12770,"Mitchell Georgiades",7,"Port Adelaide",2001-09-28,191
"1007",12771,"Max King",7,"St Kilda",2000-07-07,202
"1008",12772,"Deven Robertson",6,"Brisbane Lions",2001-06-30,182
"1009",12773,"Toby Bedford",6,"Melbourne",2000-05-27,178
"1010",12774,"Kysaiah Pickett",6,"Melbourne",2001-06-02,170
"1011",12776,"Thomas Berry",6,"Brisbane Lions",2000-05-01,185
"1012",12777,"Hayden Young",1,"Fremantle",2001-04-11,188
"1013",12778,"Trent Rivers",3,"Melbourne",2001-07-30,188
"1014",12779,"Luke Jackson",6,"Melbourne",2001-09-29,198
"1015",12780,"Ned McHenry",6,"Adelaide",2000-07-13,179
"1016",12781,"Laitham Vandermeer",7,"Western Bulldogs",1999-02-03,180
"1017",12782,"Lachlan Ash",1,"Greater Western Sydney",2001-06-21,186
"1018",12783,"Will Hamill",6,"Adelaide",2000-11-17,186
"1019",12784,"Louis Butler",3,"Western Bulldogs",2001-08-26,184
"1020",12785,"Sam Philp",6,"Carlton",2001-08-04,185
"1021",12786,"Caleb Serong",4,"Fremantle",2001-02-09,178
"1022",12787,"Shane McAdam",7,"Adelaide",1995-05-28,181
"1023",12788,"Jack Mahony",6,"North Melbourne",2001-11-12,176
"1024",12789,"Tristan Xerri",6,"North Melbourne",1999-03-15,201
"1025",12790,"Jake Aarts",5,"Richmond",1994-12-08,177
"1026",12791,"Harry Jones",5,"Hawthorn",1999-03-15,185
"1027",12792,"Will Kelly",6,"Collingwood",2000-08-16,194
"1028",12793,"Atu Bosenavulagi",6,"Collingwood",2000-09-17,180
"1029",12794,"Will Day",3,"Hawthorn",2001-06-05,187
"1030",12795,"Josh Morris",6,"Hawthorn",2001-11-07,186
"1031",12796,"Andrew McPherson",1,"Adelaide",1999-06-20,186
"1032",12797,"Izak Rankine",7,"Gold Coast",2000-04-23,179
"1033",12798,"Dylan Stephens",5,"Sydney",2001-01-08,183
"1034",12799,"Chad Warner",6,"Sydney",2001-05-19,181
"1035",12800,"Ned Cahill",6,"Essendon",2001-01-11,178
"1036",12801,"Cody Weightman",6,"Western Bulldogs",2001-01-15,177
"1037",12802,"Elijah Taylor",6,"Sydney",2001-05-01,185
"1038",12803,"Michael Frederick",6,"Fremantle",2000-05-17,183
"1039",12804,"Ryan Byrnes",6,"St Kilda",2001-05-03,181
"1040",12805,"Callum Porter",6,"Western Bulldogs",1999-02-22,182
"1041",12806,"Matthew Ling",6,"Sydney",1999-04-21,184
"1042",12807,"Tobe Watson",1,"Fremantle",1997-12-03,190
"1043",12808,"Bradley Close",6,"Geelong",1998-07-30,181
"1044",12809,"Sam Draper",2,"Essendon",1998-09-28,205
"1045",12810,"Connor Ballenden",6,"Brisbane Lions",1999-03-29,200
"1046",12811,"Kieran Strachan",6,"Adelaide",1995-10-05,204
"1047",12812,"Harry Edwards",6,"West Coast",2000-10-01,197
"1048",12813,"Mark Keane",1,"Collingwood",2000-03-17,194
"1049",12814,"Boyd Woodcock",6,"Port Adelaide",2000-03-05,179
"1050",12815,"Jack Payne",1,"Brisbane Lions",1999-10-15,197
"1051",12816,"Lachlan Hosie",6,"North Melbourne",1997-02-25,189
"1052",12817,"Harry Schoenberg",5,"Adelaide",2001-02-21,180
"1053",12818,"Lachlan Sholl",3,"Adelaide",2000-03-07,185
"1054",12819,"Trey Ruscoe",6,"Collingwood",2001-11-03,190
"1055",12820,"Sam Wicks",6,"Sydney",1999-09-14,181
"1056",12821,"Jeremy Sharp",6,"Gold Coast",2001-08-13,187
"1057",12822,"Xavier O'Halloran",5,"Greater Western Sydney",2000-07-11,186
"1058",12823,"Matthew Cottrell",5,"Carlton",2000-02-29,181
"1059",12824,"Jack Bytel",5,"St Kilda",2000-03-14,189
"1060",12825,"Sam Flanders",6,"Gold Coast",2001-07-24,182
"1061",12826,"Zac Foot",6,"Sydney",2000-12-24,181
"1062",12827,"Tom Hutchesson",6,"Greater Western Sydney",1995-04-04,177
"1063",12828,"Josh Honey",6,"Carlton",2001-10-17,184
"1064",12829,"Nicholas Reid",6,"West Coast",1995-09-04,188
"1065",12830,"Irving Mosquito",6,"Essendon",2000-08-24,176
"1066",12831,"Liam Henry",6,"Fremantle",2001-08-28,179
"1067",12832,"Jordon Butts",1,"Adelaide",1999-12-31,198
"1068",12833,"Tom Fullarton",6,"Brisbane Lions",1999-02-23,199
"1069",12834,"Xavier O'Neill",6,"West Coast",2000-08-03,185
"1070",12835,"Jake Riccardi",7,"Greater Western Sydney",1999-11-07,195
"1071",12836,"Thomson Dow",6,"Richmond",2001-10-16,182
"1072",12837,"Bailey J. Williams",6,"West Coast",2000-04-17,199
"1073",12838,"Keidean Coleman",5,"Brisbane Lions",2000-03-31,183
"1074",12839,"Max Lynch",6,"Collingwood",1998-09-12,200
"1075",12840,"Flynn Perez",6,"North Melbourne",2001-08-25,187
"1076",12841,"Damon Greaves",3,"Hawthorn",2000-04-25,186
"1077",12842,"Matthew Owies",6,"Carlton",1997-03-19,179
"1078",12843,"Hamish Brayshaw",6,"West Coast",1998-02-09,187
"1079",12844,"Ben Jarvis",6,"Geelong",2000-07-27,189
"1080",12845,"Jack Buckley",1,"Greater Western Sydney",1997-12-17,193
"1081",12846,"Finn Maginness",6,"Hawthorn",2001-02-23,187
"1082",12847,"Joel Amartey",6,"Sydney",1999-09-02,197
"1083",12848,"Luke Foley",6,"West Coast",1999-10-08,188
"1084",12849,"Jy Farrar",6,"Gold Coast",2001-12-07,191
